#2026 06 14 18:47:44.672#Z#INFO#87cc2b18-6821-11f1-aca3-eeee0a82a9ce.OPERATION#http-nio-0.0.0.0-8080-exec-1#
[XS2StartProcessListener] Operation ID: 87cc2b18-6821-11f1-aca3-eeee0a82a9ce#
#2026 06 14 18:47:44.697#Z#DEBUG#87cc2b18-6821-11f1-aca3-eeee0a82a9ce.OPERATION#http-nio-0.0.0.0-8080-exec-1#
[XS2StartProcessListener] Process environment: {
  "SKIP_SSL_VALIDATION" : "false",
  "FLOWABLE_JOB_EXECUTOR_MAX_THREADS" : "32",
  "VERSION" : "2.47.0",
  "BASIC_AUTH_ENABLED" : "true",
  "FLOWABLE_JOB_EXECUTOR_QUEUE_CAPACITY" : "16",
  "FLOWABLE_JOB_EXECUTOR_CORE_THREADS" : "8"
}#
#2026 06 14 18:47:44.697#Z#DEBUG#87cc2b18-6821-11f1-aca3-eeee0a82a9ce.OPERATION#http-nio-0.0.0.0-8080-exec-1#
[XS2StartProcessListener] Current user: tharaneeshwar.s@capgemini.com#
#2026 06 14 18:47:44.697#Z#DEBUG#87cc2b18-6821-11f1-aca3-eeee0a82a9ce.OPERATION#http-nio-0.0.0.0-8080-exec-1#
[XS2StartProcessListener] Client space: dev#
#2026 06 14 18:47:44.697#Z#DEBUG#87cc2b18-6821-11f1-aca3-eeee0a82a9ce.OPERATION#http-nio-0.0.0.0-8080-exec-1#
[XS2StartProcessListener] Client organization: 9450e8eatrial#
#2026 06 14 18:47:44.697#Z#INFO#87cc2b18-6821-11f1-aca3-eeee0a82a9ce.OPERATION#http-nio-0.0.0.0-8080-exec-1#
[XS2StartProcessListener] Process variables: {
  "keepFiles" : false,
  "skipAppDigestCalculation" : false,
  "abortOnError" : false,
  "mtaId" : "employee-app",
  "noFailOnMissingPermissions" : false,
  "isSecurityEnabled" : false,
  "apiRequestPath" : "https://deploy-service.cf.us10-001.hana.ondemand.com/api/v1/spaces/3360c433-a61d-4cc2-a782-28807be3a0d4/operations",
  "deleteServiceBrokers" : false,
  "appArchiveId" : "e72ebfee-0598-4434-a998-50968440a62a",
  "isDisposableUserProvidedServiceEnabled" : false,
  "deleteServiceKeys" : false,
  "noRestartSubscribedApps" : false,
  "noStart" : false,
  "deleteServices" : false
}#
#2026 06 14 18:47:44.753#Z#DEBUG#87cc2b18-6821-11f1-aca3-eeee0a82a9ce.OPERATION#flowable-async-job-executor-thread-1209#
[ValidateDeployParametersStep] Executing task "validateParametersTask" of process "87cc2b3e-6821-11f1-aca3-eeee0a82a9ce"...#
#2026 06 14 18:47:44.753#Z#DEBUG#87cc2b18-6821-11f1-aca3-eeee0a82a9ce.OPERATION#flowable-async-job-executor-thread-1209#
[ValidateDeployParametersStep] Validating parameters...#
#2026 06 14 18:47:44.756#Z#INFO#87cc2b18-6821-11f1-aca3-eeee0a82a9ce.OPERATION#flowable-async-job-executor-thread-1209#
[ValidateDeployParametersStep] Size of mtars is 8,606,354 and size of extension descriptors is 0#
#2026 06 14 18:47:44.790#Z#INFO#87cc2b18-6821-11f1-aca3-eeee0a82a9ce.OPERATION#flowable-async-job-executor-thread-1209#
[ValidateDeployParametersStep] Archive was not split! Total size in bytes: 8,606,354#
#2026 06 14 18:47:44.790#Z#INFO#87cc2b18-6821-11f1-aca3-eeee0a82a9ce.OPERATION#flowable-async-job-executor-thread-1209#
[ValidateDeployParametersStep] Deploying in org "9450e8eatrial" and space "dev"#
#2026 06 14 18:47:44.797#Z#DEBUG#87cc2b18-6821-11f1-aca3-eeee0a82a9ce.OPERATION#flowable-async-job-executor-thread-1209#
[ValidateDeployParametersStep] Parameters validated#
#2026 06 14 18:47:44.797#Z#DEBUG#87cc2b18-6821-11f1-aca3-eeee0a82a9ce.OPERATION#flowable-async-job-executor-thread-1209#
Step "Validate Parameters" finished#
#2026 06 14 18:47:44.833#Z#DEBUG#87cc2b18-6821-11f1-aca3-eeee0a82a9ce.OPERATION#flowable-async-job-executor-thread-1210#
[DeleteRemainingFileParts] Executing task "deleteRemainingFileParts" of process "87cc2b3e-6821-11f1-aca3-eeee0a82a9ce"...#
#2026 06 14 18:47:44.834#Z#DEBUG#87cc2b18-6821-11f1-aca3-eeee0a82a9ce.OPERATION#flowable-async-job-executor-thread-1210#
Step "Delete Remaining File Parts" finished#
#2026 06 14 18:47:44.869#Z#DEBUG#87cc2b18-6821-11f1-aca3-eeee0a82a9ce.OPERATION#flowable-async-job-executor-thread-1211#
[XS2ProcessMtaArchiveStep] Executing task "processArchiveTask" of process "87cc2b3e-6821-11f1-aca3-eeee0a82a9ce"...#
#2026 06 14 18:47:44.870#Z#DEBUG#87cc2b18-6821-11f1-aca3-eeee0a82a9ce.OPERATION#flowable-async-job-executor-thread-1211#
[XS2ProcessMtaArchiveStep] Processing MTA archive...#
#2026 06 14 18:47:44.870#Z#DEBUG#87cc2b18-6821-11f1-aca3-eeee0a82a9ce.OPERATION#flowable-async-job-executor-thread-1211#
[XS2ProcessMtaArchiveStep] MTA Archive ID: e72ebfee-0598-4434-a998-50968440a62a#
#2026 06 14 18:47:45.076#Z#DEBUG#87cc2b18-6821-11f1-aca3-eeee0a82a9ce.OPERATION#flowable-async-job-executor-thread-1211#
[XS2ProcessMtaArchiveStep] MTA Descriptor length: 1,544#
#2026 06 14 18:47:45.076#Z#DEBUG#87cc2b18-6821-11f1-aca3-eeee0a82a9ce.OPERATION#flowable-async-job-executor-thread-1211#
[XS2ProcessMtaArchiveStep] MTA Archive Modules: [employee-app-db-deployer, employee-app, employee-app-srv]#
#2026 06 14 18:47:45.076#Z#DEBUG#87cc2b18-6821-11f1-aca3-eeee0a82a9ce.OPERATION#flowable-async-job-executor-thread-1211#
[XS2ProcessMtaArchiveStep] MTA Archive Requires: []#
#2026 06 14 18:47:45.076#Z#DEBUG#87cc2b18-6821-11f1-aca3-eeee0a82a9ce.OPERATION#flowable-async-job-executor-thread-1211#
[XS2ProcessMtaArchiveStep] MTA Archive Resources: [employee-app-xsuaa]#
#2026 06 14 18:47:45.089#Z#DEBUG#87cc2b18-6821-11f1-aca3-eeee0a82a9ce.OPERATION#flowable-async-job-executor-thread-1211#
[XS2ProcessMtaArchiveStep] MTA archive processed#
#2026 06 14 18:47:45.089#Z#DEBUG#87cc2b18-6821-11f1-aca3-eeee0a82a9ce.OPERATION#flowable-async-job-executor-thread-1211#
Step "Process Archive" finished#
#2026 06 14 18:47:45.138#Z#DEBUG#87cc2b18-6821-11f1-aca3-eeee0a82a9ce.OPERATION#flowable-async-job-executor-thread-1212#
[ProcessMtaExtensionDescriptorsStep] Executing task "processExtensionDescriptorsTask" of process "87cc2b3e-6821-11f1-aca3-eeee0a82a9ce"...#
#2026 06 14 18:47:45.140#Z#DEBUG#87cc2b18-6821-11f1-aca3-eeee0a82a9ce.OPERATION#flowable-async-job-executor-thread-1212#
[ProcessMtaExtensionDescriptorsStep] Processing MTA extension descriptors...#
#2026 06 14 18:47:45.140#Z#DEBUG#87cc2b18-6821-11f1-aca3-eeee0a82a9ce.OPERATION#flowable-async-job-executor-thread-1212#
[ProcessMtaExtensionDescriptorsStep] Provided extension descriptors: [ ]#
#2026 06 14 18:47:45.140#Z#DEBUG#87cc2b18-6821-11f1-aca3-eeee0a82a9ce.OPERATION#flowable-async-job-executor-thread-1212#
[ProcessMtaExtensionDescriptorsStep] No extension descriptors in use#
#2026 06 14 18:47:45.140#Z#DEBUG#87cc2b18-6821-11f1-aca3-eeee0a82a9ce.OPERATION#flowable-async-job-executor-thread-1212#
[ProcessMtaExtensionDescriptorsStep] MTA extension descriptors processed#
#2026 06 14 18:47:45.140#Z#DEBUG#87cc2b18-6821-11f1-aca3-eeee0a82a9ce.OPERATION#flowable-async-job-executor-thread-1212#
Step "Process Extension Descriptors" finished#
#2026 06 14 18:47:45.178#Z#DEBUG#87cc2b18-6821-11f1-aca3-eeee0a82a9ce.OPERATION#flowable-async-job-executor-thread-1213#
[XS2DetectMtaSchemaVersionStep] Executing task "detectSchemaVersionTask" of process "87cc2b3e-6821-11f1-aca3-eeee0a82a9ce"...#
#2026 06 14 18:47:45.179#Z#DEBUG#87cc2b18-6821-11f1-aca3-eeee0a82a9ce.OPERATION#flowable-async-job-executor-thread-1213#
[XS2DetectMtaSchemaVersionStep] Detecting MTA major schema version...#
#2026 06 14 18:47:45.180#Z#INFO#87cc2b18-6821-11f1-aca3-eeee0a82a9ce.OPERATION#flowable-async-job-executor-thread-1213#
[XS2DetectMtaSchemaVersionStep] Detected MTA schema version: "3"#
#2026 06 14 18:47:45.186#Z#DEBUG#87cc2b18-6821-11f1-aca3-eeee0a82a9ce.OPERATION#flowable-async-job-executor-thread-1213#
Step "Detect Schema Version" finished#
#2026 06 14 18:47:45.224#Z#DEBUG#87cc2b18-6821-11f1-aca3-eeee0a82a9ce.OPERATION#flowable-async-job-executor-thread-1214#
[MergeDescriptorsStep] Executing task "mergeDescriptorsTask" of process "87cc2b3e-6821-11f1-aca3-eeee0a82a9ce"...#
#2026 06 14 18:47:45.225#Z#DEBUG#87cc2b18-6821-11f1-aca3-eeee0a82a9ce.OPERATION#flowable-async-job-executor-thread-1214#
[MergeDescriptorsStep] Validating and merging descriptors...#
#2026 06 14 18:47:45.228#Z#DEBUG#87cc2b18-6821-11f1-aca3-eeee0a82a9ce.OPERATION#flowable-async-job-executor-thread-1214#
[MergeDescriptorsStep] Merged deployment descriptor: {
  "majorSchemaVersion" : 3,
  "schemaVersion" : "3.1.0",
  "id" : "employee-app",
  "version" : "1.0.0",
  "modules" : [ {
    "majorSchemaVersion" : 3,
    "name" : "employee-app-srv",
    "type" : "javascript.nodejs",
    "path" : "employee-app-srv",
    "properties" : { },
    "parameters" : {
      "buildpack" : "nodejs_buildpack",
      "readiness-health-check-http-endpoint" : "/health",
      "readiness-health-check-type" : "http"
    },
    "requiredDependencies" : [ {
      "majorSchemaVersion" : 3,
      "name" : "employee-app-db",
      "properties" : { },
      "parameters" : { },
      "propertiesMetadata" : {
        "metadata" : { }
      },
      "parametersMetadata" : {
        "metadata" : { }
      }
    }, {
      "majorSchemaVersion" : 3,
      "name" : "employee-app-xsuaa",
      "properties" : { },
      "parameters" : { },
      "propertiesMetadata" : {
        "metadata" : { }
      },
      "parametersMetadata" : {
        "metadata" : { }
      }
    } ],
    "providedDependencies" : [ {
      "majorSchemaVersion" : 3,
      "name" : "srv-api",
      "isPublic" : false,
      "properties" : {
        "srv-url" : "${default-url}"
      },
      "parameters" : { },
      "propertiesMetadata" : {
        "metadata" : { }
      },
      "parametersMetadata" : {
        "metadata" : { }
      }
    }, {
      "majorSchemaVersion" : 3,
      "name" : "employee-app-srv",
      "isPublic" : false,
      "properties" : { },
      "parameters" : { },
      "propertiesMetadata" : {
        "metadata" : { }
      },
      "parametersMetadata" : {
        "metadata" : { }
      }
    } ],
    "propertiesMetadata" : {
      "metadata" : { }
    },
    "parametersMetadata" : {
      "metadata" : { }
    },
    "hooks" : [ ]
  }, {
    "majorSchemaVersion" : 3,
    "name" : "employee-app-db-deployer",
    "type" : "com.sap.xs.hdi",
    "path" : "employee-app-db-deployer",
    "properties" : {
      "EXIT" : 1
    },
    "parameters" : {
      "memory" : "256M",
      "buildpack" : "nodejs_buildpack",
      "no-route" : true,
      "dependency-type" : "hard",
      "tasks" : [ {
        "name" : "deploy",
        "memory" : "256M",
        "command" : "npm start"
      } ],
      "no-start" : true
    },
    "requiredDependencies" : [ {
      "majorSchemaVersion" : 3,
      "name" : "employee-app-db",
      "properties" : { },
      "parameters" : { },
      "propertiesMetadata" : {
        "metadata" : { }
      },
      "parametersMetadata" : {
        "metadata" : { }
      }
    } ],
    "providedDependencies" : [ {
      "majorSchemaVersion" : 3,
      "name" : "employee-app-db-deployer",
      "isPublic" : false,
      "properties" : { },
      "parameters" : { },
      "propertiesMetadata" : {
        "metadata" : { }
      },
      "parametersMetadata" : {
        "metadata" : { }
      }
    } ],
    "propertiesMetadata" : {
      "metadata" : { }
    },
    "parametersMetadata" : {
      "metadata" : { }
    },
    "hooks" : [ ]
  }, {
    "majorSchemaVersion" : 3,
    "name" : "employee-app",
    "type" : "javascript.nodejs",
    "path" : "employee-app",
    "properties" : { },
    "parameters" : {
      "disk-quota" : "256M",
      "keep-existing-routes" : true,
      "memory" : "256M"
    },
    "requiredDependencies" : [ {
      "majorSchemaVersion" : 3,
      "name" : "srv-api",
      "group" : "destinations",
      "properties" : {
        "name" : "srv-api",
        "forwardAuthToken" : "********",
        "url" : "~{srv-url}"
      },
      "parameters" : { },
      "propertiesMetadata" : {
        "metadata" : { }
      },
      "parametersMetadata" : {
        "metadata" : { }
      }
    }, {
      "majorSchemaVersion" : 3,
      "name" : "employee-app-xsuaa",
      "properties" : { },
      "parameters" : { },
      "propertiesMetadata" : {
        "metadata" : { }
      },
      "parametersMetadata" : {
        "metadata" : { }
      }
    } ],
    "providedDependencies" : [ {
      "majorSchemaVersion" : 3,
      "name" : "employee-app",
      "isPublic" : false,
      "properties" : { },
      "parameters" : { },
      "propertiesMetadata" : {
        "metadata" : { }
      },
      "parametersMetadata" : {
        "metadata" : { }
      }
    } ],
    "propertiesMetadata" : {
      "metadata" : { }
    },
    "parametersMetadata" : {
      "metadata" : { }
    },
    "hooks" : [ ]
  } ],
  "resources" : [ {
    "majorSchemaVersion" : 3,
    "name" : "employee-app-db",
    "type" : "com.sap.xs.hdi-container",
    "properties" : {
      "hdi-service-name" : "${service-name}"
    },
    "parameters" : {
      "type" : "managed-service",
      "service" : "hana",
      "service-plan" : "hdi-shared"
    },
    "isActive" : true,
    "isOptional" : false,
    "propertiesMetadata" : {
      "metadata" : { }
    },
    "parametersMetadata" : {
      "metadata" : { }
    },
    "requiredDependencies" : [ ],
    "processedAfter" : [ ]
  }, {
    "majorSchemaVersion" : 3,
    "name" : "employee-app-xsuaa",
    "type" : "org.cloudfoundry.managed-service",
    "properties" : { },
    "parameters" : {
      "path" : "./xs-security.json",
      "service-plan" : "application",
      "type" : "managed-service",
      "config" : {
        "tenant-mode" : "dedicated",
        "xsappname" : "employee-app"
      },
      "service" : "xsuaa"
    },
    "isActive" : true,
    "isOptional" : false,
    "propertiesMetadata" : {
      "metadata" : { }
    },
    "parametersMetadata" : {
      "metadata" : { }
    },
    "requiredDependencies" : [ ],
    "processedAfter" : [ ]
  } ],
  "parameters" : {
    "enable-parallel-deployments" : true
  },
  "parametersMetadata" : {
    "metadata" : { }
  }
}#
#2026 06 14 18:47:45.229#Z#DEBUG#87cc2b18-6821-11f1-aca3-eeee0a82a9ce.OPERATION#flowable-async-job-executor-thread-1214#
[MergeDescriptorsStep] Descriptors validated and merged#
#2026 06 14 18:47:45.229#Z#DEBUG#87cc2b18-6821-11f1-aca3-eeee0a82a9ce.OPERATION#flowable-async-job-executor-thread-1214#
Step "Merge Descriptors" finished#
#2026 06 14 18:47:45.269#Z#DEBUG#87cc2b18-6821-11f1-aca3-eeee0a82a9ce.OPERATION#flowable-async-job-executor-thread-1215#
[DetectDeployedMtaStep] Executing task "detectDeployedMtaTask" of process "87cc2b3e-6821-11f1-aca3-eeee0a82a9ce"...#
#2026 06 14 18:47:45.270#Z#DEBUG#87cc2b18-6821-11f1-aca3-eeee0a82a9ce.OPERATION#flowable-async-job-executor-thread-1215#
[DetectDeployedMtaStep] Detecting deployed MTA...#
#2026 06 14 18:47:45.271#Z#DEBUG#87cc2b18-6821-11f1-aca3-eeee0a82a9ce.OPERATION#flowable-async-job-executor-thread-1215#
[DetectDeployedMtaStep] Detecting MTA by id employee-app and namespace null#
#2026 06 14 18:47:45.271#Z#DEBUG#87cc2b18-6821-11f1-aca3-eeee0a82a9ce.OPERATION#flowable-async-job-executor-thread-1215#
[DetectDeployedMtaStep] Getting applications by metadata label selector "mta_id=58cf2ea4cace5eb9a9104f793e5f55a3,!mta_namespace"...#
#2026 06 14 18:47:45.317#Z#DEBUG#87cc2b18-6821-11f1-aca3-eeee0a82a9ce.OPERATION#flowable-async-job-executor-thread-1215#
[DetectDeployedMtaStep] Getting service instances by metadata label selector "mta_id=58cf2ea4cace5eb9a9104f793e5f55a3,!mta_namespace"...#
#2026 06 14 18:47:45.460#Z#DEBUG#87cc2b18-6821-11f1-aca3-eeee0a82a9ce.OPERATION#flowable-async-job-executor-thread-1215#
[DetectDeployedMtaStep] Deployed MTA: {
  "metadata" : {
    "id" : "employee-app",
    "version" : "1.0.0"
  },
  "applications" : [ {
    "name" : "employee-app",
    "metadata" : {
      "guid" : "0b1e15a9-bc40-43ca-92bd-d7bdb41c0718",
      "createdAt" : [ 2026, 5, 12, 7, 7, 58 ],
      "updatedAt" : [ 2026, 6, 14, 18, 28, 30 ]
    },
    "v3Metadata" : {
      "annotations" : {
        "mta_id" : "employee-app",
        "mta_version" : "1.0.0",
        "mta_module" : "{\"name\":\"employee-app\"}",
        "mta_module_provided_dependencies" : "[]",
        "mta_bound_services" : "[\"employee-app-xsuaa\"]"
      },
      "labels" : {
        "mta_id" : "58cf2ea4cace5eb9a9104f793e5f55a3"
      }
    },
    "state" : "STARTED",
    "lifecycle" : {
      "type" : "BUILDPACK",
      "data" : {
        "buildpacks" : [ ],
        "stack" : "cflinuxfs4"
      }
    },
    "space" : {
      "name" : "dev",
      "metadata" : {
        "guid" : "3360c433-a61d-4cc2-a782-28807be3a0d4",
        "createdAt" : [ 2026, 4, 21, 5, 7, 49 ],
        "updatedAt" : [ 2026, 4, 21, 5, 7, 49 ]
      },
      "organization" : {
        "name" : "9450e8eatrial",
        "metadata" : {
          "guid" : "0a51c295-f80d-4524-8c95-969ce7fefbe1",
          "createdAt" : [ 2026, 4, 21, 5, 7, 47 ],
          "updatedAt" : [ 2026, 4, 21, 5, 7, 49 ]
        }
      }
    },
    "moduleName" : "employee-app",
    "boundMtaServices" : [ "employee-app-xsuaa" ],
    "providedDependencyNames" : [ ],
    "productizationState" : "LIVE"
  }, {
    "name" : "employee-app-srv",
    "metadata" : {
      "guid" : "d82c773d-11e1-4a8b-885d-ff9df84e4d28",
      "createdAt" : [ 2026, 5, 12, 7, 7, 59 ],
      "updatedAt" : [ 2026, 6, 14, 18, 29, 29 ]
    },
    "v3Metadata" : {
      "annotations" : {
        "mta_id" : "employee-app",
        "mta_version" : "1.0.0",
        "mta_module" : "{\"name\":\"employee-app-srv\"}",
        "mta_module_provided_dependencies" : "[]",
        "mta_bound_services" : "[\"employee-app-db\",\"employee-app-xsuaa\"]"
      },
      "labels" : {
        "mta_id" : "58cf2ea4cace5eb9a9104f793e5f55a3"
      }
    },
    "state" : "STARTED",
    "lifecycle" : {
      "type" : "BUILDPACK",
      "data" : {
        "buildpacks" : [ "nodejs_buildpack" ],
        "stack" : "cflinuxfs4"
      }
    },
    "space" : {
      "name" : "dev",
      "metadata" : {
        "guid" : "3360c433-a61d-4cc2-a782-28807be3a0d4",
        "createdAt" : [ 2026, 4, 21, 5, 7, 49 ],
        "updatedAt" : [ 2026, 4, 21, 5, 7, 49 ]
      },
      "organization" : {
        "name" : "9450e8eatrial",
        "metadata" : {
          "guid" : "0a51c295-f80d-4524-8c95-969ce7fefbe1",
          "createdAt" : [ 2026, 4, 21, 5, 7, 47 ],
          "updatedAt" : [ 2026, 4, 21, 5, 7, 49 ]
        }
      }
    },
    "moduleName" : "employee-app-srv",
    "boundMtaServices" : [ "employee-app-db", "employee-app-xsuaa" ],
    "providedDependencyNames" : [ ],
    "productizationState" : "LIVE"
  }, {
    "name" : "employee-app-db-deployer",
    "metadata" : {
      "guid" : "412db8b7-5bb5-4469-8657-4ee1b6831de5",
      "createdAt" : [ 2026, 5, 12, 7, 7, 59 ],
      "updatedAt" : [ 2026, 6, 14, 18, 28, 59 ]
    },
    "v3Metadata" : {
      "annotations" : {
        "mta_id" : "employee-app",
        "mta_version" : "1.0.0",
        "mta_module" : "{\"name\":\"employee-app-db-deployer\"}",
        "mta_module_provided_dependencies" : "[]",
        "mta_bound_services" : "[\"employee-app-db\"]"
      },
      "labels" : {
        "mta_id" : "58cf2ea4cace5eb9a9104f793e5f55a3"
      }
    },
    "state" : "STOPPED",
    "lifecycle" : {
      "type" : "BUILDPACK",
      "data" : {
        "buildpacks" : [ "nodejs_buildpack" ],
        "stack" : "cflinuxfs4"
      }
    },
    "space" : {
      "name" : "dev",
      "metadata" : {
        "guid" : "3360c433-a61d-4cc2-a782-28807be3a0d4",
        "createdAt" : [ 2026, 4, 21, 5, 7, 49 ],
        "updatedAt" : [ 2026, 4, 21, 5, 7, 49 ]
      },
      "organization" : {
        "name" : "9450e8eatrial",
        "metadata" : {
          "guid" : "0a51c295-f80d-4524-8c95-969ce7fefbe1",
          "createdAt" : [ 2026, 4, 21, 5, 7, 47 ],
          "updatedAt" : [ 2026, 4, 21, 5, 7, 49 ]
        }
      }
    },
    "moduleName" : "employee-app-db-deployer",
    "boundMtaServices" : [ "employee-app-db" ],
    "providedDependencyNames" : [ ],
    "productizationState" : "LIVE"
  } ],
  "services" : [ {
    "name" : "employee-app-xsuaa",
    "metadata" : {
      "guid" : "bf3d9767-def7-4e39-baf0-4f822de73755",
      "createdAt" : [ 2026, 6, 14, 18, 19, 37 ],
      "updatedAt" : [ 2026, 6, 14, 18, 19, 38 ]
    },
    "v3Metadata" : {
      "annotations" : {
        "mta_id" : "employee-app",
        "mta_version" : "1.0.0",
        "mta_resource" : "{\"name\":\"employee-app-xsuaa\"}"
      },
      "labels" : {
        "mta_id" : "58cf2ea4cace5eb9a9104f793e5f55a3"
      }
    },
    "label" : "xsuaa",
    "plan" : "application",
    "credentials" : "********",
    "tags" : [ ],
    "type" : "managed",
    "lastOperation" : {
      "type" : "UPDATE",
      "description" : "",
      "state" : "SUCCEEDED"
    },
    "resourceName" : "employee-app-xsuaa"
  }, {
    "name" : "employee-app-db",
    "metadata" : {
      "guid" : "7ecc48f4-cb09-4a2c-a9f4-ace26563159f",
      "createdAt" : [ 2026, 5, 12, 6, 20, 28 ],
      "updatedAt" : [ 2026, 5, 12, 6, 20, 29 ]
    },
    "v3Metadata" : {
      "annotations" : {
        "mta_id" : "employee-app",
        "mta_version" : "1.0.0",
        "mta_resource" : "{\"name\":\"employee-app-db\"}"
      },
      "labels" : {
        "mta_id" : "58cf2ea4cace5eb9a9104f793e5f55a3"
      }
    },
    "label" : "hana",
    "plan" : "hdi-shared",
    "credentials" : "********",
    "tags" : [ ],
    "type" : "managed",
    "lastOperation" : {
      "type" : "CREATE",
      "state" : "SUCCEEDED"
    },
    "resourceName" : "employee-app-db"
  } ]
}#
#2026 06 14 18:47:45.460#Z#INFO#87cc2b18-6821-11f1-aca3-eeee0a82a9ce.OPERATION#flowable-async-job-executor-thread-1215#
[DetectDeployedMtaStep] Detected deployed MTA with ID "employee-app" and version "1.0.0"#
#2026 06 14 18:47:45.466#Z#DEBUG#87cc2b18-6821-11f1-aca3-eeee0a82a9ce.OPERATION#flowable-async-job-executor-thread-1215#
[DetectDeployedMtaStep] Detecting backup mta by id "employee-app" and namespace "null"#
#2026 06 14 18:47:45.466#Z#DEBUG#87cc2b18-6821-11f1-aca3-eeee0a82a9ce.OPERATION#flowable-async-job-executor-thread-1215#
[DetectDeployedMtaStep] Getting applications by metadata label selector "mta_id=58cf2ea4cace5eb9a9104f793e5f55a3,mta_namespace=b698114a0995e936895b9598a6c19a2c"...#
#2026 06 14 18:47:45.507#Z#DEBUG#87cc2b18-6821-11f1-aca3-eeee0a82a9ce.OPERATION#flowable-async-job-executor-thread-1215#
[DetectDeployedMtaStep] Getting service instances by metadata label selector "mta_id=58cf2ea4cace5eb9a9104f793e5f55a3,mta_namespace=b698114a0995e936895b9598a6c19a2c"...#
#2026 06 14 18:47:45.564#Z#DEBUG#87cc2b18-6821-11f1-aca3-eeee0a82a9ce.OPERATION#flowable-async-job-executor-thread-1215#
[DetectDeployedMtaStep] Deployed MTA service keys: [ ]#
#2026 06 14 18:47:45.564#Z#DEBUG#87cc2b18-6821-11f1-aca3-eeee0a82a9ce.OPERATION#flowable-async-job-executor-thread-1215#
Step "Detect Deployed MTA" finished#
#2026 06 14 18:47:45.607#Z#DEBUG#87cc2b18-6821-11f1-aca3-eeee0a82a9ce.OPERATION#flowable-async-job-executor-thread-1216#
[XS2CollectSystemParametersStep] Executing task "collectSystemParametersTask" of process "87cc2b3e-6821-11f1-aca3-eeee0a82a9ce"...#
#2026 06 14 18:47:45.608#Z#DEBUG#87cc2b18-6821-11f1-aca3-eeee0a82a9ce.OPERATION#flowable-async-job-executor-thread-1216#
[XS2CollectSystemParametersStep] Collecting system parameters...#
#2026 06 14 18:47:45.610#Z#DEBUG#87cc2b18-6821-11f1-aca3-eeee0a82a9ce.OPERATION#flowable-async-job-executor-thread-1216#
[XS2CollectSystemParametersStep] Getting default domain...#
#2026 06 14 18:47:45.642#Z#DEBUG#87cc2b18-6821-11f1-aca3-eeee0a82a9ce.OPERATION#flowable-async-job-executor-thread-1216#
[XS2CollectSystemParametersStep] Default domain: cfapps.us10-001.hana.ondemand.com#
#2026 06 14 18:47:45.642#Z#DEBUG#87cc2b18-6821-11f1-aca3-eeee0a82a9ce.OPERATION#flowable-async-job-executor-thread-1216#
[XS2CollectSystemParametersStep] Checking for overwriting read-only parameters for mta with id: "employee-app"#
#2026 06 14 18:47:45.642#Z#DEBUG#87cc2b18-6821-11f1-aca3-eeee0a82a9ce.OPERATION#flowable-async-job-executor-thread-1216#
[XS2CollectSystemParametersStep] No read-only parameters are overwritten#
#2026 06 14 18:47:45.656#Z#DEBUG#87cc2b18-6821-11f1-aca3-eeee0a82a9ce.OPERATION#flowable-async-job-executor-thread-1216#
[XS2CollectSystemParametersStep] Descriptor with system parameters: {
  "majorSchemaVersion" : 3,
  "schemaVersion" : "3.1.0",
  "id" : "employee-app",
  "version" : "1.0.0",
  "modules" : [ {
    "majorSchemaVersion" : 3,
    "name" : "employee-app-srv",
    "type" : "javascript.nodejs",
    "path" : "employee-app-srv",
    "properties" : { },
    "parameters" : {
      "default-url" : "${protocol}://${default-uri}",
      "default-app-name" : "employee-app-srv",
      "generated-password" : "********",
      "default-live-url" : "${protocol}://${default-live-uri}",
      "default-uri" : "${host}.${domain}",
      "default-instances" : 1,
      "default-live-host" : "9450e8eatrial-dev-employee-app-srv",
      "instances" : "${default-instances}",
      "readiness-health-check-http-endpoint" : "/health",
      "readiness-health-check-type" : "http",
      "buildpack" : "nodejs_buildpack",
      "default-host" : "9450e8eatrial-dev-employee-app-srv",
      "app-name" : "${default-app-name}",
      "default-live-uri" : "9450e8eatrial-dev-employee-app-srv.${domain}",
      "protocol" : "https",
      "default-live-app-name" : "employee-app-srv",
      "default-live-domain" : "cfapps.us10-001.hana.ondemand.com",
      "domain" : "${default-domain}",
      "host" : "${default-host}",
      "generated-user" : "********"
    },
    "requiredDependencies" : [ {
      "majorSchemaVersion" : 3,
      "name" : "employee-app-db",
      "properties" : { },
      "parameters" : { },
      "propertiesMetadata" : {
        "metadata" : { }
      },
      "parametersMetadata" : {
        "metadata" : { }
      }
    }, {
      "majorSchemaVersion" : 3,
      "name" : "employee-app-xsuaa",
      "properties" : { },
      "parameters" : { },
      "propertiesMetadata" : {
        "metadata" : { }
      },
      "parametersMetadata" : {
        "metadata" : { }
      }
    } ],
    "providedDependencies" : [ {
      "majorSchemaVersion" : 3,
      "name" : "srv-api",
      "isPublic" : false,
      "properties" : {
        "srv-url" : "${default-url}"
      },
      "parameters" : { },
      "propertiesMetadata" : {
        "metadata" : { }
      },
      "parametersMetadata" : {
        "metadata" : { }
      }
    }, {
      "majorSchemaVersion" : 3,
      "name" : "employee-app-srv",
      "isPublic" : false,
      "properties" : { },
      "parameters" : { },
      "propertiesMetadata" : {
        "metadata" : { }
      },
      "parametersMetadata" : {
        "metadata" : { }
      }
    } ],
    "propertiesMetadata" : {
      "metadata" : { }
    },
    "parametersMetadata" : {
      "metadata" : { }
    },
    "hooks" : [ ]
  }, {
    "majorSchemaVersion" : 3,
    "name" : "employee-app-db-deployer",
    "type" : "com.sap.xs.hdi",
    "path" : "employee-app-db-deployer",
    "properties" : {
      "EXIT" : 1
    },
    "parameters" : {
      "default-url" : "${protocol}://${default-uri}",
      "default-app-name" : "employee-app-db-deployer",
      "generated-password" : "********",
      "default-live-url" : "${protocol}://${default-live-uri}",
      "default-uri" : "${host}.${domain}",
      "memory" : "256M",
      "default-instances" : 1,
      "no-route" : true,
      "default-live-host" : "9450e8eatrial-dev-employee-app-db-deployer",
      "instances" : "${default-instances}",
      "buildpack" : "nodejs_buildpack",
      "default-host" : "9450e8eatrial-dev-employee-app-db-deployer",
      "app-name" : "${default-app-name}",
      "default-live-uri" : "9450e8eatrial-dev-employee-app-db-deployer.${domain}",
      "protocol" : "https",
      "default-live-app-name" : "employee-app-db-deployer",
      "default-live-domain" : "cfapps.us10-001.hana.ondemand.com",
      "dependency-type" : "hard",
      "domain" : "${default-domain}",
      "host" : "${default-host}",
      "generated-user" : "********",
      "tasks" : [ {
        "name" : "deploy",
        "memory" : "256M",
        "command" : "npm start"
      } ],
      "no-start" : true
    },
    "requiredDependencies" : [ {
      "majorSchemaVersion" : 3,
      "name" : "employee-app-db",
      "properties" : { },
      "parameters" : { },
      "propertiesMetadata" : {
        "metadata" : { }
      },
      "parametersMetadata" : {
        "metadata" : { }
      }
    } ],
    "providedDependencies" : [ {
      "majorSchemaVersion" : 3,
      "name" : "employee-app-db-deployer",
      "isPublic" : false,
      "properties" : { },
      "parameters" : { },
      "propertiesMetadata" : {
        "metadata" : { }
      },
      "parametersMetadata" : {
        "metadata" : { }
      }
    } ],
    "propertiesMetadata" : {
      "metadata" : { }
    },
    "parametersMetadata" : {
      "metadata" : { }
    },
    "hooks" : [ ]
  }, {
    "majorSchemaVersion" : 3,
    "name" : "employee-app",
    "type" : "javascript.nodejs",
    "path" : "employee-app",
    "properties" : { },
    "parameters" : {
      "default-url" : "${protocol}://${default-uri}",
      "default-app-name" : "employee-app",
      "generated-password" : "********",
      "default-live-url" : "${protocol}://${default-live-uri}",
      "default-uri" : "${host}.${domain}",
      "memory" : "256M",
      "default-instances" : 1,
      "default-live-host" : "9450e8eatrial-dev-employee-app",
      "instances" : "${default-instances}",
      "default-host" : "9450e8eatrial-dev-employee-app",
      "keep-existing-routes" : true,
      "app-name" : "${default-app-name}",
      "default-live-uri" : "9450e8eatrial-dev-employee-app.${domain}",
      "protocol" : "https",
      "default-live-app-name" : "employee-app",
      "default-live-domain" : "cfapps.us10-001.hana.ondemand.com",
      "disk-quota" : "256M",
      "domain" : "${default-domain}",
      "host" : "${default-host}",
      "generated-user" : "********"
    },
    "requiredDependencies" : [ {
      "majorSchemaVersion" : 3,
      "name" : "srv-api",
      "group" : "destinations",
      "properties" : {
        "name" : "srv-api",
        "forwardAuthToken" : "********",
        "url" : "~{srv-url}"
      },
      "parameters" : { },
      "propertiesMetadata" : {
        "metadata" : { }
      },
      "parametersMetadata" : {
        "metadata" : { }
      }
    }, {
      "majorSchemaVersion" : 3,
      "name" : "employee-app-xsuaa",
      "properties" : { },
      "parameters" : { },
      "propertiesMetadata" : {
        "metadata" : { }
      },
      "parametersMetadata" : {
        "metadata" : { }
      }
    } ],
    "providedDependencies" : [ {
      "majorSchemaVersion" : 3,
      "name" : "employee-app",
      "isPublic" : false,
      "properties" : { },
      "parameters" : { },
      "propertiesMetadata" : {
        "metadata" : { }
      },
      "parametersMetadata" : {
        "metadata" : { }
      }
    } ],
    "propertiesMetadata" : {
      "metadata" : { }
    },
    "parametersMetadata" : {
      "metadata" : { }
    },
    "hooks" : [ ]
  } ],
  "resources" : [ {
    "majorSchemaVersion" : 3,
    "name" : "employee-app-db",
    "type" : "com.sap.xs.hdi-container",
    "properties" : {
      "hdi-service-name" : "${service-name}"
    },
    "parameters" : {
      "generated-password" : "********",
      "service-name" : "${default-service-name}",
      "service-plan" : "hdi-shared",
      "service" : "hana",
      "generated-user" : "********",
      "default-xsappname" : "employee-app-db",
      "type" : "managed-service",
      "default-service-name" : "employee-app-db",
      "default-container-name" : "9450E8EATRIAL_DEV_EMPLOYEE_APP_DB"
    },
    "isActive" : true,
    "isOptional" : false,
    "propertiesMetadata" : {
      "metadata" : { }
    },
    "parametersMetadata" : {
      "metadata" : { }
    },
    "requiredDependencies" : [ ],
    "processedAfter" : [ ]
  }, {
    "majorSchemaVersion" : 3,
    "name" : "employee-app-xsuaa",
    "type" : "org.cloudfoundry.managed-service",
    "properties" : { },
    "parameters" : {
      "generated-password" : "********",
      "path" : "./xs-security.json",
      "service-name" : "${default-service-name}",
      "service-plan" : "application",
      "service" : "xsuaa",
      "generated-user" : "********",
      "default-xsappname" : "employee-app-xsuaa",
      "type" : "managed-service",
      "config" : {
        "tenant-mode" : "dedicated",
        "xsappname" : "employee-app"
      },
      "default-service-name" : "employee-app-xsuaa",
      "default-container-name" : "9450E8EATRIAL_DEV_EMPLOYEE_APP_XSUAA"
    },
    "isActive" : true,
    "isOptional" : false,
    "propertiesMetadata" : {
      "metadata" : { }
    },
    "parametersMetadata" : {
      "metadata" : { }
    },
    "requiredDependencies" : [ ],
    "processedAfter" : [ ]
  } ],
  "parameters" : {
    "mta-id" : "employee-app",
    "authorization-url" : "********",
    "org-guid" : "0a51c295-f80d-4524-8c95-969ce7fefbe1",
    "org" : "9450e8eatrial",
    "deploy-target" : "9450e8eatrial dev",
    "enable-parallel-deployments" : true,
    "space" : "dev",
    "xs-api-url" : "https://api.cf.us10-001.hana.ondemand.com",
    "deploy-url" : "deploy-service.cfapps.us10-001.hana.ondemand.com",
    "xs-type" : "CF",
    "default-domain" : "cfapps.us10-001.hana.ondemand.com",
    "mta-version" : "1.0.0",
    "xs-auth-url" : "********",
    "space-guid" : "3360c433-a61d-4cc2-a782-28807be3a0d4",
    "user" : "********",
    "controller-url" : "https://api.cf.us10-001.hana.ondemand.com",
    "timestamp" : "20260614184744"
  },
  "parametersMetadata" : {
    "metadata" : { }
  }
}#
#2026 06 14 18:47:45.658#Z#DEBUG#87cc2b18-6821-11f1-aca3-eeee0a82a9ce.OPERATION#flowable-async-job-executor-thread-1216#
[XS2CollectSystemParametersStep] Version rule: SAME_HIGHER#
#2026 06 14 18:47:45.658#Z#INFO#87cc2b18-6821-11f1-aca3-eeee0a82a9ce.OPERATION#flowable-async-job-executor-thread-1216#
[XS2CollectSystemParametersStep] Detected new MTA version: "1.0.0"#
#2026 06 14 18:47:45.665#Z#INFO#87cc2b18-6821-11f1-aca3-eeee0a82a9ce.OPERATION#flowable-async-job-executor-thread-1216#
[XS2CollectSystemParametersStep] Deployed MTA version: "1.0.0"#
#2026 06 14 18:47:45.670#Z#DEBUG#87cc2b18-6821-11f1-aca3-eeee0a82a9ce.OPERATION#flowable-async-job-executor-thread-1216#
[XS2CollectSystemParametersStep] MTA accepted for deployment#
#2026 06 14 18:47:45.670#Z#DEBUG#87cc2b18-6821-11f1-aca3-eeee0a82a9ce.OPERATION#flowable-async-job-executor-thread-1216#
[XS2CollectSystemParametersStep] System parameters collected#
#2026 06 14 18:47:45.671#Z#DEBUG#87cc2b18-6821-11f1-aca3-eeee0a82a9ce.OPERATION#flowable-async-job-executor-thread-1216#
Step "Collect System Parameters" finished#
#2026 06 14 18:47:45.709#Z#DEBUG#87cc2b18-6821-11f1-aca3-eeee0a82a9ce.OPERATION#flowable-async-job-executor-thread-1209#
[ProcessDescriptorStep] Executing task "processDescriptorTask" of process "87cc2b3e-6821-11f1-aca3-eeee0a82a9ce"...#
#2026 06 14 18:47:45.710#Z#DEBUG#87cc2b18-6821-11f1-aca3-eeee0a82a9ce.OPERATION#flowable-async-job-executor-thread-1209#
[ProcessDescriptorStep] Resolving properties and parameters in merged descriptor...#
#2026 06 14 18:47:45.714#Z#DEBUG#87cc2b18-6821-11f1-aca3-eeee0a82a9ce.OPERATION#flowable-async-job-executor-thread-1209#
[ProcessDescriptorStep] Subscriptions: [ ]#
#2026 06 14 18:47:45.715#Z#DEBUG#87cc2b18-6821-11f1-aca3-eeee0a82a9ce.OPERATION#flowable-async-job-executor-thread-1209#
[ProcessDescriptorStep] MTA modules: [employee-app-db-deployer, employee-app, employee-app-srv]#
#2026 06 14 18:47:45.715#Z#DEBUG#87cc2b18-6821-11f1-aca3-eeee0a82a9ce.OPERATION#flowable-async-job-executor-thread-1209#
[ProcessDescriptorStep] Resolved deployment descriptor: {
  "majorSchemaVersion" : 3,
  "schemaVersion" : "3.1.0",
  "id" : "employee-app",
  "version" : "1.0.0",
  "modules" : [ {
    "majorSchemaVersion" : 3,
    "name" : "employee-app-srv",
    "type" : "javascript.nodejs",
    "path" : "employee-app-srv",
    "properties" : { },
    "parameters" : {
      "default-url" : "https://9450e8eatrial-dev-employee-app-srv.cfapps.us10-001.hana.ondemand.com",
      "default-app-name" : "employee-app-srv",
      "generated-password" : "********",
      "default-live-url" : "https://9450e8eatrial-dev-employee-app-srv.cfapps.us10-001.hana.ondemand.com",
      "default-uri" : "9450e8eatrial-dev-employee-app-srv.cfapps.us10-001.hana.ondemand.com",
      "default-instances" : 1,
      "default-live-host" : "9450e8eatrial-dev-employee-app-srv",
      "instances" : 1,
      "readiness-health-check-http-endpoint" : "/health",
      "readiness-health-check-type" : "http",
      "buildpack" : "nodejs_buildpack",
      "default-host" : "9450e8eatrial-dev-employee-app-srv",
      "app-name" : "employee-app-srv",
      "default-live-uri" : "9450e8eatrial-dev-employee-app-srv.cfapps.us10-001.hana.ondemand.com",
      "protocol" : "https",
      "default-live-app-name" : "employee-app-srv",
      "default-live-domain" : "cfapps.us10-001.hana.ondemand.com",
      "domain" : "cfapps.us10-001.hana.ondemand.com",
      "host" : "9450e8eatrial-dev-employee-app-srv",
      "generated-user" : "********"
    },
    "requiredDependencies" : [ {
      "majorSchemaVersion" : 3,
      "name" : "employee-app-db",
      "properties" : { },
      "parameters" : { },
      "propertiesMetadata" : {
        "metadata" : { }
      },
      "parametersMetadata" : {
        "metadata" : { }
      }
    }, {
      "majorSchemaVersion" : 3,
      "name" : "employee-app-xsuaa",
      "properties" : { },
      "parameters" : { },
      "propertiesMetadata" : {
        "metadata" : { }
      },
      "parametersMetadata" : {
        "metadata" : { }
      }
    } ],
    "providedDependencies" : [ {
      "majorSchemaVersion" : 3,
      "name" : "srv-api",
      "isPublic" : false,
      "properties" : {
        "srv-url" : "https://9450e8eatrial-dev-employee-app-srv.cfapps.us10-001.hana.ondemand.com"
      },
      "parameters" : { },
      "propertiesMetadata" : {
        "metadata" : { }
      },
      "parametersMetadata" : {
        "metadata" : { }
      }
    }, {
      "majorSchemaVersion" : 3,
      "name" : "employee-app-srv",
      "isPublic" : false,
      "properties" : { },
      "parameters" : { },
      "propertiesMetadata" : {
        "metadata" : { }
      },
      "parametersMetadata" : {
        "metadata" : { }
      }
    } ],
    "propertiesMetadata" : {
      "metadata" : { }
    },
    "parametersMetadata" : {
      "metadata" : { }
    },
    "hooks" : [ ]
  }, {
    "majorSchemaVersion" : 3,
    "name" : "employee-app-db-deployer",
    "type" : "com.sap.xs.hdi",
    "path" : "employee-app-db-deployer",
    "properties" : {
      "EXIT" : 1
    },
    "parameters" : {
      "default-url" : "https://9450e8eatrial-dev-employee-app-db-deployer.cfapps.us10-001.hana.ondemand.com",
      "default-app-name" : "employee-app-db-deployer",
      "generated-password" : "********",
      "default-live-url" : "https://9450e8eatrial-dev-employee-app-db-deployer.cfapps.us10-001.hana.ondemand.com",
      "default-uri" : "9450e8eatrial-dev-employee-app-db-deployer.cfapps.us10-001.hana.ondemand.com",
      "memory" : "256M",
      "default-instances" : 1,
      "no-route" : true,
      "default-live-host" : "9450e8eatrial-dev-employee-app-db-deployer",
      "instances" : 1,
      "buildpack" : "nodejs_buildpack",
      "default-host" : "9450e8eatrial-dev-employee-app-db-deployer",
      "app-name" : "employee-app-db-deployer",
      "default-live-uri" : "9450e8eatrial-dev-employee-app-db-deployer.cfapps.us10-001.hana.ondemand.com",
      "protocol" : "https",
      "default-live-app-name" : "employee-app-db-deployer",
      "default-live-domain" : "cfapps.us10-001.hana.ondemand.com",
      "dependency-type" : "hard",
      "domain" : "cfapps.us10-001.hana.ondemand.com",
      "host" : "9450e8eatrial-dev-employee-app-db-deployer",
      "generated-user" : "********",
      "tasks" : [ {
        "command" : "npm start",
        "memory" : "256M",
        "name" : "deploy"
      } ],
      "no-start" : true
    },
    "requiredDependencies" : [ {
      "majorSchemaVersion" : 3,
      "name" : "employee-app-db",
      "properties" : { },
      "parameters" : { },
      "propertiesMetadata" : {
        "metadata" : { }
      },
      "parametersMetadata" : {
        "metadata" : { }
      }
    } ],
    "providedDependencies" : [ {
      "majorSchemaVersion" : 3,
      "name" : "employee-app-db-deployer",
      "isPublic" : false,
      "properties" : { },
      "parameters" : { },
      "propertiesMetadata" : {
        "metadata" : { }
      },
      "parametersMetadata" : {
        "metadata" : { }
      }
    } ],
    "propertiesMetadata" : {
      "metadata" : { }
    },
    "parametersMetadata" : {
      "metadata" : { }
    },
    "hooks" : [ ]
  }, {
    "majorSchemaVersion" : 3,
    "name" : "employee-app",
    "type" : "javascript.nodejs",
    "path" : "employee-app",
    "properties" : { },
    "parameters" : {
      "default-url" : "https://9450e8eatrial-dev-employee-app.cfapps.us10-001.hana.ondemand.com",
      "default-app-name" : "employee-app",
      "generated-password" : "********",
      "default-live-url" : "https://9450e8eatrial-dev-employee-app.cfapps.us10-001.hana.ondemand.com",
      "default-uri" : "9450e8eatrial-dev-employee-app.cfapps.us10-001.hana.ondemand.com",
      "memory" : "256M",
      "default-instances" : 1,
      "default-live-host" : "9450e8eatrial-dev-employee-app",
      "instances" : 1,
      "default-host" : "9450e8eatrial-dev-employee-app",
      "keep-existing-routes" : true,
      "app-name" : "employee-app",
      "default-live-uri" : "9450e8eatrial-dev-employee-app.cfapps.us10-001.hana.ondemand.com",
      "protocol" : "https",
      "default-live-app-name" : "employee-app",
      "default-live-domain" : "cfapps.us10-001.hana.ondemand.com",
      "disk-quota" : "256M",
      "domain" : "cfapps.us10-001.hana.ondemand.com",
      "host" : "9450e8eatrial-dev-employee-app",
      "generated-user" : "********"
    },
    "requiredDependencies" : [ {
      "majorSchemaVersion" : 3,
      "name" : "srv-api",
      "group" : "destinations",
      "properties" : {
        "name" : "srv-api",
        "forwardAuthToken" : "********",
        "url" : "https://9450e8eatrial-dev-employee-app-srv.cfapps.us10-001.hana.ondemand.com"
      },
      "parameters" : { },
      "propertiesMetadata" : {
        "metadata" : { }
      },
      "parametersMetadata" : {
        "metadata" : { }
      }
    }, {
      "majorSchemaVersion" : 3,
      "name" : "employee-app-xsuaa",
      "properties" : { },
      "parameters" : { },
      "propertiesMetadata" : {
        "metadata" : { }
      },
      "parametersMetadata" : {
        "metadata" : { }
      }
    } ],
    "providedDependencies" : [ {
      "majorSchemaVersion" : 3,
      "name" : "employee-app",
      "isPublic" : false,
      "properties" : { },
      "parameters" : { },
      "propertiesMetadata" : {
        "metadata" : { }
      },
      "parametersMetadata" : {
        "metadata" : { }
      }
    } ],
    "propertiesMetadata" : {
      "metadata" : { }
    },
    "parametersMetadata" : {
      "metadata" : { }
    },
    "hooks" : [ ]
  } ],
  "resources" : [ {
    "majorSchemaVersion" : 3,
    "name" : "employee-app-db",
    "type" : "com.sap.xs.hdi-container",
    "properties" : {
      "hdi-service-name" : "employee-app-db"
    },
    "parameters" : {
      "generated-password" : "********",
      "service-name" : "employee-app-db",
      "service-plan" : "hdi-shared",
      "service" : "hana",
      "generated-user" : "********",
      "default-xsappname" : "employee-app-db",
      "type" : "managed-service",
      "default-service-name" : "employee-app-db",
      "default-container-name" : "9450E8EATRIAL_DEV_EMPLOYEE_APP_DB"
    },
    "isActive" : true,
    "isOptional" : false,
    "propertiesMetadata" : {
      "metadata" : { }
    },
    "parametersMetadata" : {
      "metadata" : { }
    },
    "requiredDependencies" : [ ],
    "processedAfter" : [ ]
  }, {
    "majorSchemaVersion" : 3,
    "name" : "employee-app-xsuaa",
    "type" : "org.cloudfoundry.managed-service",
    "properties" : { },
    "parameters" : {
      "generated-password" : "********",
      "path" : "./xs-security.json",
      "service-name" : "employee-app-xsuaa",
      "service-plan" : "application",
      "service" : "xsuaa",
      "generated-user" : "********",
      "default-xsappname" : "employee-app-xsuaa",
      "type" : "managed-service",
      "config" : {
        "tenant-mode" : "dedicated",
        "xsappname" : "employee-app"
      },
      "default-service-name" : "employee-app-xsuaa",
      "default-container-name" : "9450E8EATRIAL_DEV_EMPLOYEE_APP_XSUAA"
    },
    "isActive" : true,
    "isOptional" : false,
    "propertiesMetadata" : {
      "metadata" : { }
    },
    "parametersMetadata" : {
      "metadata" : { }
    },
    "requiredDependencies" : [ ],
    "processedAfter" : [ ]
  } ],
  "parameters" : {
    "mta-id" : "employee-app",
    "authorization-url" : "********",
    "org-guid" : "0a51c295-f80d-4524-8c95-969ce7fefbe1",
    "org" : "9450e8eatrial",
    "deploy-target" : "9450e8eatrial dev",
    "enable-parallel-deployments" : true,
    "region-primary-domain" : "us10.hana.ondemand.com",
    "space" : "dev",
    "region-domain" : "us10-001.hana.ondemand.com",
    "xs-api-url" : "https://api.cf.us10-001.hana.ondemand.com",
    "deploy-url" : "deploy-service.cfapps.us10-001.hana.ondemand.com",
    "xs-type" : "CF",
    "default-domain" : "cfapps.us10-001.hana.ondemand.com",
    "mta-version" : "1.0.0",
    "xs-auth-url" : "********",
    "space-guid" : "3360c433-a61d-4cc2-a782-28807be3a0d4",
    "user" : "********",
    "controller-url" : "https://api.cf.us10-001.hana.ondemand.com",
    "timestamp" : "20260614184744"
  },
  "parametersMetadata" : {
    "metadata" : { }
  }
}#
#2026 06 14 18:47:45.715#Z#DEBUG#87cc2b18-6821-11f1-aca3-eeee0a82a9ce.OPERATION#flowable-async-job-executor-thread-1209#
[ProcessDescriptorStep] Merged descriptor properties and parameters resolved#
#2026 06 14 18:47:45.715#Z#DEBUG#87cc2b18-6821-11f1-aca3-eeee0a82a9ce.OPERATION#flowable-async-job-executor-thread-1209#
Step "Process Descriptor Step" finished#
#2026 06 14 18:47:45.758#Z#DEBUG#87cc2b18-6821-11f1-aca3-eeee0a82a9ce.OPERATION#flowable-async-job-executor-thread-1210#
[XS2BuildCloudDeployModelStep] Executing task "buildDeployModelTask" of process "87cc2b3e-6821-11f1-aca3-eeee0a82a9ce"...#
#2026 06 14 18:47:45.762#Z#DEBUG#87cc2b18-6821-11f1-aca3-eeee0a82a9ce.OPERATION#flowable-async-job-executor-thread-1210#
[XS2BuildCloudDeployModelStep] Service keys defined for content deployment grouped by service name: { }#
#2026 06 14 18:47:45.763#Z#DEBUG#87cc2b18-6821-11f1-aca3-eeee0a82a9ce.OPERATION#flowable-async-job-executor-thread-1210#
[XS2BuildCloudDeployModelStep] Building cloud deployment model...#
#2026 06 14 18:47:45.765#Z#DEBUG#87cc2b18-6821-11f1-aca3-eeee0a82a9ce.OPERATION#flowable-async-job-executor-thread-1210#
[XS2BuildCloudDeployModelStep] MTA archive modules: [employee-app-db-deployer, employee-app, employee-app-srv]#
#2026 06 14 18:47:45.765#Z#DEBUG#87cc2b18-6821-11f1-aca3-eeee0a82a9ce.OPERATION#flowable-async-job-executor-thread-1210#
[XS2BuildCloudDeployModelStep] Deployed modules: [employee-app, employee-app-db-deployer, employee-app-srv]#
#2026 06 14 18:47:45.766#Z#DEBUG#87cc2b18-6821-11f1-aca3-eeee0a82a9ce.OPERATION#flowable-async-job-executor-thread-1210#
[XS2BuildCloudDeployModelStep] MTA modules: [employee-app-db-deployer, employee-app, employee-app-srv]#
#2026 06 14 18:47:45.766#Z#DEBUG#87cc2b18-6821-11f1-aca3-eeee0a82a9ce.OPERATION#flowable-async-job-executor-thread-1210#
[XS2BuildCloudDeployModelStep] Service keys to create: {
  "employee-app-xsuaa" : [ ],
  "employee-app-db" : [ ]
}#
#2026 06 14 18:47:45.767#Z#DEBUG#87cc2b18-6821-11f1-aca3-eeee0a82a9ce.OPERATION#flowable-async-job-executor-thread-1210#
[XS2BuildCloudDeployModelStep] Modules to deploy: [{
  "majorSchemaVersion" : 3,
  "name" : "employee-app-srv",
  "type" : "javascript.nodejs",
  "path" : "employee-app-srv",
  "properties" : { },
  "parameters" : {
    "default-url" : "https://9450e8eatrial-dev-employee-app-srv.cfapps.us10-001.hana.ondemand.com",
    "default-app-name" : "employee-app-srv",
    "generated-password" : "********",
    "default-live-url" : "https://9450e8eatrial-dev-employee-app-srv.cfapps.us10-001.hana.ondemand.com",
    "default-uri" : "9450e8eatrial-dev-employee-app-srv.cfapps.us10-001.hana.ondemand.com",
    "default-instances" : 1,
    "default-live-host" : "9450e8eatrial-dev-employee-app-srv",
    "instances" : 1,
    "readiness-health-check-http-endpoint" : "/health",
    "readiness-health-check-type" : "http",
    "buildpack" : "nodejs_buildpack",
    "default-host" : "9450e8eatrial-dev-employee-app-srv",
    "app-name" : "employee-app-srv",
    "default-live-uri" : "9450e8eatrial-dev-employee-app-srv.cfapps.us10-001.hana.ondemand.com",
    "protocol" : "https",
    "default-live-app-name" : "employee-app-srv",
    "default-live-domain" : "cfapps.us10-001.hana.ondemand.com",
    "dependency-type" : "soft",
    "domain" : "cfapps.us10-001.hana.ondemand.com",
    "host" : "9450e8eatrial-dev-employee-app-srv",
    "generated-user" : "********"
  },
  "requiredDependencies" : [ {
    "majorSchemaVersion" : 3,
    "name" : "employee-app-db",
    "properties" : { },
    "parameters" : { },
    "propertiesMetadata" : {
      "metadata" : { }
    },
    "parametersMetadata" : {
      "metadata" : { }
    }
  }, {
    "majorSchemaVersion" : 3,
    "name" : "employee-app-xsuaa",
    "properties" : { },
    "parameters" : { },
    "propertiesMetadata" : {
      "metadata" : { }
    },
    "parametersMetadata" : {
      "metadata" : { }
    }
  } ],
  "providedDependencies" : [ {
    "majorSchemaVersion" : 3,
    "name" : "srv-api",
    "isPublic" : false,
    "properties" : {
      "srv-url" : "https://9450e8eatrial-dev-employee-app-srv.cfapps.us10-001.hana.ondemand.com"
    },
    "parameters" : { },
    "propertiesMetadata" : {
      "metadata" : { }
    },
    "parametersMetadata" : {
      "metadata" : { }
    }
  }, {
    "majorSchemaVersion" : 3,
    "name" : "employee-app-srv",
    "isPublic" : false,
    "properties" : { },
    "parameters" : { },
    "propertiesMetadata" : {
      "metadata" : { }
    },
    "parametersMetadata" : {
      "metadata" : { }
    }
  } ],
  "propertiesMetadata" : {
    "metadata" : { }
  },
  "parametersMetadata" : {
    "metadata" : { }
  },
  "deployedAfter" : [ ],
  "hooks" : [ ]
}, {
  "majorSchemaVersion" : 3,
  "name" : "employee-app-db-deployer",
  "type" : "com.sap.xs.hdi",
  "path" : "employee-app-db-deployer",
  "properties" : {
    "EXIT" : 1
  },
  "parameters" : {
    "default-url" : "https://9450e8eatrial-dev-employee-app-db-deployer.cfapps.us10-001.hana.ondemand.com",
    "default-app-name" : "employee-app-db-deployer",
    "generated-password" : "********",
    "default-live-url" : "https://9450e8eatrial-dev-employee-app-db-deployer.cfapps.us10-001.hana.ondemand.com",
    "default-uri" : "9450e8eatrial-dev-employee-app-db-deployer.cfapps.us10-001.hana.ondemand.com",
    "memory" : "256M",
    "default-instances" : 1,
    "no-route" : true,
    "default-live-host" : "9450e8eatrial-dev-employee-app-db-deployer",
    "instances" : 1,
    "buildpack" : "nodejs_buildpack",
    "default-host" : "9450e8eatrial-dev-employee-app-db-deployer",
    "app-name" : "employee-app-db-deployer",
    "default-live-uri" : "9450e8eatrial-dev-employee-app-db-deployer.cfapps.us10-001.hana.ondemand.com",
    "protocol" : "https",
    "default-live-app-name" : "employee-app-db-deployer",
    "default-live-domain" : "cfapps.us10-001.hana.ondemand.com",
    "dependency-type" : "hard",
    "domain" : "cfapps.us10-001.hana.ondemand.com",
    "host" : "9450e8eatrial-dev-employee-app-db-deployer",
    "generated-user" : "********",
    "tasks" : [ {
      "command" : "npm start",
      "memory" : "256M",
      "name" : "deploy"
    } ],
    "no-start" : true
  },
  "requiredDependencies" : [ {
    "majorSchemaVersion" : 3,
    "name" : "employee-app-db",
    "properties" : { },
    "parameters" : { },
    "propertiesMetadata" : {
      "metadata" : { }
    },
    "parametersMetadata" : {
      "metadata" : { }
    }
  } ],
  "providedDependencies" : [ {
    "majorSchemaVersion" : 3,
    "name" : "employee-app-db-deployer",
    "isPublic" : false,
    "properties" : { },
    "parameters" : { },
    "propertiesMetadata" : {
      "metadata" : { }
    },
    "parametersMetadata" : {
      "metadata" : { }
    }
  } ],
  "propertiesMetadata" : {
    "metadata" : { }
  },
  "parametersMetadata" : {
    "metadata" : { }
  },
  "deployedAfter" : [ ],
  "hooks" : [ ]
}, {
  "majorSchemaVersion" : 3,
  "name" : "employee-app",
  "type" : "javascript.nodejs",
  "path" : "employee-app",
  "properties" : { },
  "parameters" : {
    "default-url" : "https://9450e8eatrial-dev-employee-app.cfapps.us10-001.hana.ondemand.com",
    "default-app-name" : "employee-app",
    "generated-password" : "********",
    "default-live-url" : "https://9450e8eatrial-dev-employee-app.cfapps.us10-001.hana.ondemand.com",
    "default-uri" : "9450e8eatrial-dev-employee-app.cfapps.us10-001.hana.ondemand.com",
    "memory" : "256M",
    "default-instances" : 1,
    "default-live-host" : "9450e8eatrial-dev-employee-app",
    "instances" : 1,
    "default-host" : "9450e8eatrial-dev-employee-app",
    "keep-existing-routes" : true,
    "app-name" : "employee-app",
    "default-live-uri" : "9450e8eatrial-dev-employee-app.cfapps.us10-001.hana.ondemand.com",
    "protocol" : "https",
    "default-live-app-name" : "employee-app",
    "default-live-domain" : "cfapps.us10-001.hana.ondemand.com",
    "disk-quota" : "256M",
    "dependency-type" : "soft",
    "domain" : "cfapps.us10-001.hana.ondemand.com",
    "host" : "9450e8eatrial-dev-employee-app",
    "generated-user" : "********"
  },
  "requiredDependencies" : [ {
    "majorSchemaVersion" : 3,
    "name" : "srv-api",
    "group" : "destinations",
    "properties" : {
      "name" : "srv-api",
      "forwardAuthToken" : "********",
      "url" : "https://9450e8eatrial-dev-employee-app-srv.cfapps.us10-001.hana.ondemand.com"
    },
    "parameters" : { },
    "propertiesMetadata" : {
      "metadata" : { }
    },
    "parametersMetadata" : {
      "metadata" : { }
    }
  }, {
    "majorSchemaVersion" : 3,
    "name" : "employee-app-xsuaa",
    "properties" : { },
    "parameters" : { },
    "propertiesMetadata" : {
      "metadata" : { }
    },
    "parametersMetadata" : {
      "metadata" : { }
    }
  } ],
  "providedDependencies" : [ {
    "majorSchemaVersion" : 3,
    "name" : "employee-app",
    "isPublic" : false,
    "properties" : { },
    "parameters" : { },
    "propertiesMetadata" : {
      "metadata" : { }
    },
    "parametersMetadata" : {
      "metadata" : { }
    }
  } ],
  "propertiesMetadata" : {
    "metadata" : { }
  },
  "parametersMetadata" : {
    "metadata" : { }
  },
  "deployedAfter" : [ ],
  "hooks" : [ ]
}]#
#2026 06 14 18:47:45.768#Z#DEBUG#87cc2b18-6821-11f1-aca3-eeee0a82a9ce.OPERATION#flowable-async-job-executor-thread-1210#
[XS2BuildCloudDeployModelStep] Custom domains: []#
#2026 06 14 18:47:45.770#Z#DEBUG#87cc2b18-6821-11f1-aca3-eeee0a82a9ce.OPERATION#flowable-async-job-executor-thread-1210#
[XS2BuildCloudDeployModelStep] Calculating resource batches...#
#2026 06 14 18:47:45.770#Z#DEBUG#87cc2b18-6821-11f1-aca3-eeee0a82a9ce.OPERATION#flowable-async-job-executor-thread-1210#
[XS2BuildCloudDeployModelStep] Calculating resource batches completed.#
#2026 06 14 18:47:45.770#Z#DEBUG#87cc2b18-6821-11f1-aca3-eeee0a82a9ce.OPERATION#flowable-async-job-executor-thread-1210#
[XS2BuildCloudDeployModelStep] Cloud deployment model built#
#2026 06 14 18:47:45.770#Z#DEBUG#87cc2b18-6821-11f1-aca3-eeee0a82a9ce.OPERATION#flowable-async-job-executor-thread-1210#
Step "Build Deploy Model" finished#
#2026 06 14 18:47:45.815#Z#DEBUG#87cc2b18-6821-11f1-aca3-eeee0a82a9ce.OPERATION#flowable-async-job-executor-thread-1210#
[BuildCloudUndeployModelStep] Executing task "buildUndeployModelTask" of process "87cc2b3e-6821-11f1-aca3-eeee0a82a9ce"...#
#2026 06 14 18:47:45.817#Z#DEBUG#87cc2b18-6821-11f1-aca3-eeee0a82a9ce.OPERATION#flowable-async-job-executor-thread-1210#
[BuildCloudUndeployModelStep] Building cloud undeployment model...#
#2026 06 14 18:47:45.819#Z#DEBUG#87cc2b18-6821-11f1-aca3-eeee0a82a9ce.OPERATION#flowable-async-job-executor-thread-1210#
[BuildCloudUndeployModelStep] Detecting service keys to delete.#
#2026 06 14 18:47:45.820#Z#DEBUG#87cc2b18-6821-11f1-aca3-eeee0a82a9ce.OPERATION#flowable-async-job-executor-thread-1210#
[BuildCloudUndeployModelStep] No deployed service keys detected!#
#2026 06 14 18:47:45.820#Z#DEBUG#87cc2b18-6821-11f1-aca3-eeee0a82a9ce.OPERATION#flowable-async-job-executor-thread-1210#
[BuildCloudUndeployModelStep] Detected service keys to delete "[]"#
#2026 06 14 18:47:45.825#Z#DEBUG#87cc2b18-6821-11f1-aca3-eeee0a82a9ce.OPERATION#flowable-async-job-executor-thread-1210#
[BuildCloudUndeployModelStep] MTA modules: [employee-app-db-deployer, employee-app, employee-app-srv]#
#2026 06 14 18:47:45.826#Z#DEBUG#87cc2b18-6821-11f1-aca3-eeee0a82a9ce.OPERATION#flowable-async-job-executor-thread-1210#
[BuildCloudUndeployModelStep] Modules to undeploy: [ ]#
#2026 06 14 18:47:45.826#Z#DEBUG#87cc2b18-6821-11f1-aca3-eeee0a82a9ce.OPERATION#flowable-async-job-executor-thread-1210#
[BuildCloudUndeployModelStep] Modules that won't be changed: [ ]#
#2026 06 14 18:47:45.827#Z#DEBUG#87cc2b18-6821-11f1-aca3-eeee0a82a9ce.OPERATION#flowable-async-job-executor-thread-1210#
[BuildCloudUndeployModelStep] Subscriptions to delete: [ ]#
#2026 06 14 18:47:45.829#Z#DEBUG#87cc2b18-6821-11f1-aca3-eeee0a82a9ce.OPERATION#flowable-async-job-executor-thread-1210#
[BuildCloudUndeployModelStep] Cloud services to delete: []#
#2026 06 14 18:47:45.829#Z#DEBUG#87cc2b18-6821-11f1-aca3-eeee0a82a9ce.OPERATION#flowable-async-job-executor-thread-1210#
[BuildCloudUndeployModelStep] Cloud applications to undeploy: [ ]#
#2026 06 14 18:47:45.832#Z#DEBUG#87cc2b18-6821-11f1-aca3-eeee0a82a9ce.OPERATION#flowable-async-job-executor-thread-1210#
[BuildCloudUndeployModelStep] Cloud undeployment model built#
#2026 06 14 18:47:45.832#Z#DEBUG#87cc2b18-6821-11f1-aca3-eeee0a82a9ce.OPERATION#flowable-async-job-executor-thread-1210#
Step "Build Undeploy Model" finished#
#2026 06 14 18:47:45.873#Z#DEBUG#87cc2b18-6821-11f1-aca3-eeee0a82a9ce.OPERATION#flowable-async-job-executor-thread-1212#
[AddDomainsStep] Executing task "addDomainsTask" of process "87cc2b3e-6821-11f1-aca3-eeee0a82a9ce"...#
#2026 06 14 18:47:45.876#Z#DEBUG#87cc2b18-6821-11f1-aca3-eeee0a82a9ce.OPERATION#flowable-async-job-executor-thread-1212#
[AddDomainsStep] Custom domains: []#
#2026 06 14 18:47:45.876#Z#DEBUG#87cc2b18-6821-11f1-aca3-eeee0a82a9ce.OPERATION#flowable-async-job-executor-thread-1212#
Step "Add Domains" finished#
#2026 06 14 18:47:46.015#Z#DEBUG#87cc2b18-6821-11f1-aca3-eeee0a82a9ce.OPERATION#flowable-async-job-executor-thread-1214#
[ExtractBatchedServicesWithResolvedDynamicParametersStep] Executing task "prepareModulesDeploymentTask" of process "888eb8fa-6821-11f1-aca3-eeee0a82a9ce"...#
#2026 06 14 18:47:46.016#Z#DEBUG#87cc2b18-6821-11f1-aca3-eeee0a82a9ce.OPERATION#flowable-async-job-executor-thread-1214#
[ExtractBatchedServicesWithResolvedDynamicParametersStep] Extracting services and resolving dynamic parameters from batch#
#2026 06 14 18:47:46.017#Z#DEBUG#87cc2b18-6821-11f1-aca3-eeee0a82a9ce.OPERATION#flowable-async-job-executor-thread-1214#
[ExtractBatchedServicesWithResolvedDynamicParametersStep] Services to create: [ {
  "isOptional" : false,
  "isManaged" : true,
  "name" : "employee-app-db",
  "v3Metadata" : {
    "annotations" : {
      "mta_id" : "employee-app",
      "mta_version" : "1.0.0",
      "mta_resource" : "{\"name\":\"employee-app-db\"}"
    },
    "labels" : {
      "mta_id" : "58cf2ea4cace5eb9a9104f793e5f55a3"
    }
  },
  "label" : "hana",
  "plan" : "hdi-shared",
  "credentials" : "********",
  "tags" : [ ],
  "type" : "managed",
  "resourceName" : "employee-app-db",
  "shouldSkipParametersUpdate" : false,
  "shouldSkipPlanUpdate" : false,
  "shouldSkipTagsUpdate" : false,
  "shouldSkipSyslogUrlUpdate" : false
}, {
  "isOptional" : false,
  "isManaged" : true,
  "name" : "employee-app-xsuaa",
  "v3Metadata" : {
    "annotations" : {
      "mta_id" : "employee-app",
      "mta_version" : "1.0.0",
      "mta_resource" : "{\"name\":\"employee-app-xsuaa\"}"
    },
    "labels" : {
      "mta_id" : "58cf2ea4cace5eb9a9104f793e5f55a3"
    }
  },
  "label" : "xsuaa",
  "plan" : "application",
  "credentials" : "********",
  "tags" : [ ],
  "type" : "managed",
  "resourceName" : "employee-app-xsuaa",
  "shouldSkipParametersUpdate" : false,
  "shouldSkipPlanUpdate" : false,
  "shouldSkipTagsUpdate" : false,
  "shouldSkipSyslogUrlUpdate" : false
} ]#
#2026 06 14 18:47:46.019#Z#DEBUG#87cc2b18-6821-11f1-aca3-eeee0a82a9ce.OPERATION#flowable-async-job-executor-thread-1214#
Step "Extract Services with Resolved Dynamic parameters from batch" finished#
#2026 06 14 18:47:46.140#Z#DEBUG#87cc2b18-6821-11f1-aca3-eeee0a82a9ce.OPERATION#flowable-async-job-executor-thread-1209#
[CheckServiceOperationStateStep] Executing task "CheckServiceOperationStateTask" of process "88a48a28-6821-11f1-aca3-eeee0a82a9ce"...#
#2026 06 14 18:47:46.141#Z#DEBUG#87cc2b18-6821-11f1-aca3-eeee0a82a9ce.OPERATION#flowable-async-job-executor-thread-1209#
[CheckServiceOperationStateStep] Getting service instance "employee-app-xsuaa"...#
#2026 06 14 18:47:46.284#Z#DEBUG#87cc2b18-6821-11f1-aca3-eeee0a82a9ce.OPERATION#flowable-async-job-executor-thread-1209#
Step "Check for service operations in Progress" finished#
#2026 06 14 18:47:46.327#Z#DEBUG#87cc2b18-6821-11f1-aca3-eeee0a82a9ce.OPERATION#flowable-async-job-executor-thread-1209#
[DetermineServiceCreateUpdateServiceActionsStep] Executing task "DetermineServiceCreateUpdateActionsTask" of process "88a48a28-6821-11f1-aca3-eeee0a82a9ce"...#
#2026 06 14 18:47:46.330#Z#INFO#87cc2b18-6821-11f1-aca3-eeee0a82a9ce.OPERATION#flowable-async-job-executor-thread-1209#
[DetermineServiceCreateUpdateServiceActionsStep] Processing service "employee-app-xsuaa"...#
#2026 06 14 18:47:46.335#Z#DEBUG#87cc2b18-6821-11f1-aca3-eeee0a82a9ce.OPERATION#flowable-async-job-executor-thread-1209#
[DetermineServiceCreateUpdateServiceActionsStep] Getting service instance "employee-app-xsuaa"...#
#2026 06 14 18:47:46.463#Z#INFO#87cc2b18-6821-11f1-aca3-eeee0a82a9ce.OPERATION#flowable-async-job-executor-thread-1209#
[DetermineServiceCreateUpdateServiceActionsStep] Setting service "employee-app-xsuaa" parameters from "xs-security.json"#
#2026 06 14 18:47:46.505#Z#DEBUG#87cc2b18-6821-11f1-aca3-eeee0a82a9ce.OPERATION#flowable-async-job-executor-thread-1209#
[DetermineServiceCreateUpdateServiceActionsStep] Existing service: {
  "name" : "employee-app-xsuaa",
  "metadata" : {
    "guid" : "bf3d9767-def7-4e39-baf0-4f822de73755",
    "createdAt" : [ 2026, 6, 14, 18, 19, 37 ],
    "updatedAt" : [ 2026, 6, 14, 18, 19, 38 ]
  },
  "v3Metadata" : {
    "annotations" : {
      "mta_id" : "employee-app",
      "mta_version" : "1.0.0",
      "mta_resource" : "{\"name\":\"employee-app-xsuaa\"}"
    },
    "labels" : {
      "mta_id" : "58cf2ea4cace5eb9a9104f793e5f55a3"
    }
  },
  "label" : "xsuaa",
  "plan" : "application",
  "credentials" : "********",
  "tags" : [ ],
  "type" : "managed",
  "lastOperation" : {
    "type" : "UPDATE",
    "description" : "",
    "state" : "SUCCEEDED"
  }
}#
#2026 06 14 18:47:46.505#Z#DEBUG#87cc2b18-6821-11f1-aca3-eeee0a82a9ce.OPERATION#flowable-async-job-executor-thread-1209#
[DetermineServiceCreateUpdateServiceActionsStep] Service parameters will be updated#
#2026 06 14 18:47:46.505#Z#DEBUG#87cc2b18-6821-11f1-aca3-eeee0a82a9ce.OPERATION#flowable-async-job-executor-thread-1209#
[DetermineServiceCreateUpdateServiceActionsStep] New parameters: {
  "role-collections" : [ {
    "name" : "EmployeeApp_HRAdmin",
    "description" : "HR Admin role collection for Employee App",
    "role-template-references" : [ "$XSAPPNAME.HRAdmin" ]
  }, {
    "name" : "EmployeeApp_Manager",
    "description" : "Manager role collection for Employee App",
    "role-template-references" : [ "$XSAPPNAME.Manager" ]
  }, {
    "name" : "EmployeeApp_Employee",
    "description" : "Employee role collection for Employee App",
    "role-template-references" : [ "$XSAPPNAME.Employee" ]
  } ],
  "role-templates" : [ {
    "name" : "HRAdmin",
    "description" : "HR Administrator role with full access",
    "scope-references" : [ "$XSAPPNAME.HRAdmin", "$XSAPPNAME.Manager" ]
  }, {
    "name" : "Manager",
    "description" : "Manager role",
    "scope-references" : [ "$XSAPPNAME.Manager" ]
  }, {
    "name" : "Employee",
    "description" : "Employee role",
    "scope-references" : [ "$XSAPPNAME.Employee" ]
  } ],
  "scopes" : [ {
    "name" : "$XSAPPNAME.HRAdmin",
    "description" : "HR Administrator scope"
  }, {
    "name" : "$XSAPPNAME.Manager",
    "description" : "Manager scope"
  }, {
    "name" : "$XSAPPNAME.Employee",
    "description" : "Employee scope"
  } ],
  "tenant-mode" : "dedicated",
  "xsappname" : "employee-app"
}#
#2026 06 14 18:47:46.505#Z#DEBUG#87cc2b18-6821-11f1-aca3-eeee0a82a9ce.OPERATION#flowable-async-job-executor-thread-1209#
Step "Determine update actions" finished#
#2026 06 14 18:47:46.559#Z#DEBUG#87cc2b18-6821-11f1-aca3-eeee0a82a9ce.OPERATION#flowable-async-job-executor-thread-1212#
[CheckForServiceBindingOrKeyOperationStep] Executing task "CheckForServiceBindingOrKeyCreation" of process "88a48a28-6821-11f1-aca3-eeee0a82a9ce"...#
#2026 06 14 18:47:46.561#Z#DEBUG#87cc2b18-6821-11f1-aca3-eeee0a82a9ce.OPERATION#flowable-async-job-executor-thread-1212#
Step "Check for service binding or key creation" finished#
#2026 06 14 18:47:46.475#Z#DEBUG#87cc2b18-6821-11f1-aca3-eeee0a82a9ce.OPERATION#flowable-async-job-executor-thread-1210#
[CheckServiceOperationStateStep] Executing task "CheckServiceOperationStateTask" of process "88d7a84e-6821-11f1-aca3-eeee0a82a9ce"...#
#2026 06 14 18:47:46.476#Z#DEBUG#87cc2b18-6821-11f1-aca3-eeee0a82a9ce.OPERATION#flowable-async-job-executor-thread-1210#
[CheckServiceOperationStateStep] Getting service instance "employee-app-db"...#
#2026 06 14 18:47:46.608#Z#DEBUG#87cc2b18-6821-11f1-aca3-eeee0a82a9ce.OPERATION#flowable-async-job-executor-thread-1210#
Step "Check for service operations in Progress" finished#
#2026 06 14 18:47:46.607#Z#DEBUG#87cc2b18-6821-11f1-aca3-eeee0a82a9ce.OPERATION#flowable-async-job-executor-thread-1216#
[UpdateServiceParametersStep] Executing task "UpdateServiceParametersTask" of process "88a48a28-6821-11f1-aca3-eeee0a82a9ce"...#
#2026 06 14 18:47:46.613#Z#INFO#87cc2b18-6821-11f1-aca3-eeee0a82a9ce.OPERATION#flowable-async-job-executor-thread-1216#
[UpdateServiceParametersStep] Updating service "employee-app-xsuaa"...#
#2026 06 14 18:47:46.618#Z#DEBUG#87cc2b18-6821-11f1-aca3-eeee0a82a9ce.OPERATION#flowable-async-job-executor-thread-1216#
[UpdateServiceParametersStep] Updating service parameters for service "employee-app-xsuaa"...#
#2026 06 14 18:47:46.708#Z#DEBUG#87cc2b18-6821-11f1-aca3-eeee0a82a9ce.OPERATION#flowable-async-job-executor-thread-1216#
[UpdateServiceParametersStep] Service "employee-app-xsuaa" updated#
#2026 06 14 18:47:46.708#Z#DEBUG#87cc2b18-6821-11f1-aca3-eeee0a82a9ce.OPERATION#flowable-async-job-executor-thread-1216#
[UpdateServiceParametersStep] Triggered service operations: {
  "employee-app-xsuaa" : "UPDATE"
}#
#2026 06 14 18:47:46.710#Z#DEBUG#87cc2b18-6821-11f1-aca3-eeee0a82a9ce.OPERATION#flowable-async-job-executor-thread-1216#
Step "Update parameters" finished#
#2026 06 14 18:47:46.643#Z#DEBUG#87cc2b18-6821-11f1-aca3-eeee0a82a9ce.OPERATION#flowable-async-job-executor-thread-1210#
[DetermineServiceCreateUpdateServiceActionsStep] Executing task "DetermineServiceCreateUpdateActionsTask" of process "88d7a84e-6821-11f1-aca3-eeee0a82a9ce"...#
#2026 06 14 18:47:46.645#Z#INFO#87cc2b18-6821-11f1-aca3-eeee0a82a9ce.OPERATION#flowable-async-job-executor-thread-1210#
[DetermineServiceCreateUpdateServiceActionsStep] Processing service "employee-app-db"...#
#2026 06 14 18:47:46.651#Z#DEBUG#87cc2b18-6821-11f1-aca3-eeee0a82a9ce.OPERATION#flowable-async-job-executor-thread-1210#
[DetermineServiceCreateUpdateServiceActionsStep] Getting service instance "employee-app-db"...#
#2026 06 14 18:47:46.772#Z#DEBUG#87cc2b18-6821-11f1-aca3-eeee0a82a9ce.OPERATION#flowable-async-job-executor-thread-1210#
[DetermineServiceCreateUpdateServiceActionsStep] Existing service: {
  "name" : "employee-app-db",
  "metadata" : {
    "guid" : "7ecc48f4-cb09-4a2c-a9f4-ace26563159f",
    "createdAt" : [ 2026, 5, 12, 6, 20, 28 ],
    "updatedAt" : [ 2026, 5, 12, 6, 20, 29 ]
  },
  "v3Metadata" : {
    "annotations" : {
      "mta_id" : "employee-app",
      "mta_version" : "1.0.0",
      "mta_resource" : "{\"name\":\"employee-app-db\"}"
    },
    "labels" : {
      "mta_id" : "58cf2ea4cace5eb9a9104f793e5f55a3"
    }
  },
  "label" : "hana",
  "plan" : "hdi-shared",
  "credentials" : "********",
  "tags" : [ ],
  "type" : "managed",
  "lastOperation" : {
    "type" : "CREATE",
    "state" : "SUCCEEDED"
  }
}#
#2026 06 14 18:47:46.772#Z#WARN#87cc2b18-6821-11f1-aca3-eeee0a82a9ce.OPERATION#flowable-async-job-executor-thread-1210#
[DetermineServiceCreateUpdateServiceActionsStep] Service parameters for service "employee-app-db" will not be updated, as the parameters are not defined or empty.#
#2026 06 14 18:47:46.773#Z#DEBUG#87cc2b18-6821-11f1-aca3-eeee0a82a9ce.OPERATION#flowable-async-job-executor-thread-1210#
Step "Determine update actions" finished#
#2026 06 14 18:47:46.823#Z#DEBUG#87cc2b18-6821-11f1-aca3-eeee0a82a9ce.OPERATION#flowable-async-job-executor-thread-1210#
[CheckForServiceBindingOrKeyOperationStep] Executing task "CheckForServiceBindingOrKeyCreation" of process "88d7a84e-6821-11f1-aca3-eeee0a82a9ce"...#
#2026 06 14 18:47:46.825#Z#DEBUG#87cc2b18-6821-11f1-aca3-eeee0a82a9ce.OPERATION#flowable-async-job-executor-thread-1210#
Step "Check for service binding or key creation" finished#
#2026 06 14 18:48:01.495#Z#DEBUG#87cc2b18-6821-11f1-aca3-eeee0a82a9ce.OPERATION#flowable-async-job-executor-thread-3489#
[UpdateServiceParametersStep] Executing task "UpdateServiceParametersTask" of process "88a48a28-6821-11f1-aca3-eeee0a82a9ce"...#
#2026 06 14 18:48:01.496#Z#DEBUG#87cc2b18-6821-11f1-aca3-eeee0a82a9ce.OPERATION#flowable-async-job-executor-thread-3489#
[UpdateServiceParametersStep] Polling service operations...#
#2026 06 14 18:48:01.568#Z#DEBUG#87cc2b18-6821-11f1-aca3-eeee0a82a9ce.OPERATION#flowable-async-job-executor-thread-3489#
[UpdateServiceParametersStep] Getting service instance "employee-app-xsuaa"...#
#2026 06 14 18:48:01.710#Z#DEBUG#87cc2b18-6821-11f1-aca3-eeee0a82a9ce.OPERATION#flowable-async-job-executor-thread-3489#
[UpdateServiceParametersStep] Last operation for service "employee-app-xsuaa": {
  "type" : "UPDATE",
  "description" : "",
  "state" : "SUCCEEDED"
}#
#2026 06 14 18:48:01.710#Z#DEBUG#87cc2b18-6821-11f1-aca3-eeee0a82a9ce.OPERATION#flowable-async-job-executor-thread-3489#
[UpdateServiceParametersStep] Service "employee-app-xsuaa" updated#
#2026 06 14 18:48:01.710#Z#INFO#87cc2b18-6821-11f1-aca3-eeee0a82a9ce.OPERATION#flowable-async-job-executor-thread-3489#
[UpdateServiceParametersStep] 1 of 1 done#
#2026 06 14 18:48:01.717#Z#DEBUG#87cc2b18-6821-11f1-aca3-eeee0a82a9ce.OPERATION#flowable-async-job-executor-thread-3489#
[UpdateServiceParametersStep] Remaining services to poll: [ ]#
#2026 06 14 18:48:01.717#Z#DEBUG#87cc2b18-6821-11f1-aca3-eeee0a82a9ce.OPERATION#flowable-async-job-executor-thread-3489#
Step "Update parameters" finished#
#2026 06 14 18:48:01.907#Z#DEBUG#87cc2b18-6821-11f1-aca3-eeee0a82a9ce.OPERATION#flowable-async-job-executor-thread-3489#
[PrepareModulesDeploymentStep] Executing task "prepareModulesDeploymentTask" of process "9209a0f5-6821-11f1-a120-eeee0a872bf9"...#
#2026 06 14 18:48:01.908#Z#DEBUG#87cc2b18-6821-11f1-aca3-eeee0a82a9ce.OPERATION#flowable-async-job-executor-thread-3489#
[PrepareModulesDeploymentStep] Preparing modules deployment...#
#2026 06 14 18:48:01.914#Z#DEBUG#87cc2b18-6821-11f1-aca3-eeee0a82a9ce.OPERATION#flowable-async-job-executor-thread-3489#
Step "Prepare Modules Deployment" finished#
#2026 06 14 18:48:01.949#Z#DEBUG#87cc2b18-6821-11f1-aca3-eeee0a82a9ce.OPERATION#flowable-async-job-executor-thread-3489#
[ComputeNextModulesStep] Executing task "computeNextModulesToDeployInParallel" of process "9209a0f5-6821-11f1-a120-eeee0a872bf9"...#
#2026 06 14 18:48:01.949#Z#DEBUG#87cc2b18-6821-11f1-aca3-eeee0a82a9ce.OPERATION#flowable-async-job-executor-thread-3489#
[ComputeNextModulesStep] Computing modules for next parallel iteration...#
#2026 06 14 18:48:01.951#Z#DEBUG#87cc2b18-6821-11f1-aca3-eeee0a82a9ce.OPERATION#flowable-async-job-executor-thread-3489#
[ComputeNextModulesStep] Completed modules detected: []#
#2026 06 14 18:48:01.951#Z#DEBUG#87cc2b18-6821-11f1-aca3-eeee0a82a9ce.OPERATION#flowable-async-job-executor-thread-3489#
[ComputeNextModulesStep] All modules for deploy detected: [employee-app-db-deployer, employee-app, employee-app-srv]#
#2026 06 14 18:48:01.951#Z#DEBUG#87cc2b18-6821-11f1-aca3-eeee0a82a9ce.OPERATION#flowable-async-job-executor-thread-3489#
[ComputeNextModulesStep] Modules not for deploy detected: []#
#2026 06 14 18:48:01.951#Z#DEBUG#87cc2b18-6821-11f1-aca3-eeee0a82a9ce.OPERATION#flowable-async-job-executor-thread-3489#
[ComputeNextModulesStep] Computed modules for next parallel iteration: [ {
  "majorSchemaVersion" : 3,
  "name" : "employee-app-srv",
  "type" : "javascript.nodejs",
  "path" : "employee-app-srv",
  "properties" : { },
  "parameters" : {
    "app-name" : "employee-app-srv",
    "buildpack" : "nodejs_buildpack",
    "default-app-name" : "employee-app-srv",
    "default-host" : "9450e8eatrial-dev-employee-app-srv",
    "default-instances" : 1,
    "default-live-app-name" : "employee-app-srv",
    "default-live-domain" : "cfapps.us10-001.hana.ondemand.com",
    "default-live-host" : "9450e8eatrial-dev-employee-app-srv",
    "default-live-uri" : "9450e8eatrial-dev-employee-app-srv.cfapps.us10-001.hana.ondemand.com",
    "default-live-url" : "https://9450e8eatrial-dev-employee-app-srv.cfapps.us10-001.hana.ondemand.com",
    "default-uri" : "9450e8eatrial-dev-employee-app-srv.cfapps.us10-001.hana.ondemand.com",
    "default-url" : "https://9450e8eatrial-dev-employee-app-srv.cfapps.us10-001.hana.ondemand.com",
    "dependency-type" : "soft",
    "domain" : "cfapps.us10-001.hana.ondemand.com",
    "generated-password" : "********",
    "generated-user" : "********",
    "host" : "9450e8eatrial-dev-employee-app-srv",
    "instances" : 1,
    "protocol" : "https",
    "readiness-health-check-http-endpoint" : "/health",
    "readiness-health-check-type" : "http"
  },
  "requiredDependencies" : [ {
    "majorSchemaVersion" : 3,
    "name" : "employee-app-db",
    "properties" : { },
    "parameters" : { },
    "propertiesMetadata" : {
      "metadata" : { }
    },
    "parametersMetadata" : {
      "metadata" : { }
    }
  }, {
    "majorSchemaVersion" : 3,
    "name" : "employee-app-xsuaa",
    "properties" : { },
    "parameters" : { },
    "propertiesMetadata" : {
      "metadata" : { }
    },
    "parametersMetadata" : {
      "metadata" : { }
    }
  } ],
  "providedDependencies" : [ {
    "majorSchemaVersion" : 3,
    "name" : "srv-api",
    "isPublic" : false,
    "properties" : {
      "srv-url" : "https://9450e8eatrial-dev-employee-app-srv.cfapps.us10-001.hana.ondemand.com"
    },
    "parameters" : { },
    "propertiesMetadata" : {
      "metadata" : { }
    },
    "parametersMetadata" : {
      "metadata" : { }
    }
  }, {
    "majorSchemaVersion" : 3,
    "name" : "employee-app-srv",
    "isPublic" : false,
    "properties" : { },
    "parameters" : { },
    "propertiesMetadata" : {
      "metadata" : { }
    },
    "parametersMetadata" : {
      "metadata" : { }
    }
  } ],
  "propertiesMetadata" : {
    "metadata" : { }
  },
  "parametersMetadata" : {
    "metadata" : { }
  },
  "deployedAfter" : [ ],
  "hooks" : [ ]
}, {
  "majorSchemaVersion" : 3,
  "name" : "employee-app-db-deployer",
  "type" : "com.sap.xs.hdi",
  "path" : "employee-app-db-deployer",
  "properties" : {
    "EXIT" : 1
  },
  "parameters" : {
    "app-name" : "employee-app-db-deployer",
    "buildpack" : "nodejs_buildpack",
    "default-app-name" : "employee-app-db-deployer",
    "default-host" : "9450e8eatrial-dev-employee-app-db-deployer",
    "default-instances" : 1,
    "default-live-app-name" : "employee-app-db-deployer",
    "default-live-domain" : "cfapps.us10-001.hana.ondemand.com",
    "default-live-host" : "9450e8eatrial-dev-employee-app-db-deployer",
    "default-live-uri" : "9450e8eatrial-dev-employee-app-db-deployer.cfapps.us10-001.hana.ondemand.com",
    "default-live-url" : "https://9450e8eatrial-dev-employee-app-db-deployer.cfapps.us10-001.hana.ondemand.com",
    "default-uri" : "9450e8eatrial-dev-employee-app-db-deployer.cfapps.us10-001.hana.ondemand.com",
    "default-url" : "https://9450e8eatrial-dev-employee-app-db-deployer.cfapps.us10-001.hana.ondemand.com",
    "dependency-type" : "hard",
    "domain" : "cfapps.us10-001.hana.ondemand.com",
    "generated-password" : "********",
    "generated-user" : "********",
    "host" : "9450e8eatrial-dev-employee-app-db-deployer",
    "instances" : 1,
    "memory" : "256M",
    "no-route" : true,
    "no-start" : true,
    "protocol" : "https",
    "tasks" : [ {
      "command" : "npm start",
      "memory" : "256M",
      "name" : "deploy"
    } ]
  },
  "requiredDependencies" : [ {
    "majorSchemaVersion" : 3,
    "name" : "employee-app-db",
    "properties" : { },
    "parameters" : { },
    "propertiesMetadata" : {
      "metadata" : { }
    },
    "parametersMetadata" : {
      "metadata" : { }
    }
  } ],
  "providedDependencies" : [ {
    "majorSchemaVersion" : 3,
    "name" : "employee-app-db-deployer",
    "isPublic" : false,
    "properties" : { },
    "parameters" : { },
    "propertiesMetadata" : {
      "metadata" : { }
    },
    "parametersMetadata" : {
      "metadata" : { }
    }
  } ],
  "propertiesMetadata" : {
    "metadata" : { }
  },
  "parametersMetadata" : {
    "metadata" : { }
  },
  "deployedAfter" : [ ],
  "hooks" : [ ]
}, {
  "majorSchemaVersion" : 3,
  "name" : "employee-app",
  "type" : "javascript.nodejs",
  "path" : "employee-app",
  "properties" : { },
  "parameters" : {
    "app-name" : "employee-app",
    "default-app-name" : "employee-app",
    "default-host" : "9450e8eatrial-dev-employee-app",
    "default-instances" : 1,
    "default-live-app-name" : "employee-app",
    "default-live-domain" : "cfapps.us10-001.hana.ondemand.com",
    "default-live-host" : "9450e8eatrial-dev-employee-app",
    "default-live-uri" : "9450e8eatrial-dev-employee-app.cfapps.us10-001.hana.ondemand.com",
    "default-live-url" : "https://9450e8eatrial-dev-employee-app.cfapps.us10-001.hana.ondemand.com",
    "default-uri" : "9450e8eatrial-dev-employee-app.cfapps.us10-001.hana.ondemand.com",
    "default-url" : "https://9450e8eatrial-dev-employee-app.cfapps.us10-001.hana.ondemand.com",
    "dependency-type" : "soft",
    "disk-quota" : "256M",
    "domain" : "cfapps.us10-001.hana.ondemand.com",
    "generated-password" : "********",
    "generated-user" : "********",
    "host" : "9450e8eatrial-dev-employee-app",
    "instances" : 1,
    "keep-existing-routes" : true,
    "memory" : "256M",
    "protocol" : "https"
  },
  "requiredDependencies" : [ {
    "majorSchemaVersion" : 3,
    "name" : "srv-api",
    "group" : "destinations",
    "properties" : {
      "forwardAuthToken" : "********",
      "name" : "srv-api",
      "url" : "https://9450e8eatrial-dev-employee-app-srv.cfapps.us10-001.hana.ondemand.com"
    },
    "parameters" : { },
    "propertiesMetadata" : {
      "metadata" : { }
    },
    "parametersMetadata" : {
      "metadata" : { }
    }
  }, {
    "majorSchemaVersion" : 3,
    "name" : "employee-app-xsuaa",
    "properties" : { },
    "parameters" : { },
    "propertiesMetadata" : {
      "metadata" : { }
    },
    "parametersMetadata" : {
      "metadata" : { }
    }
  } ],
  "providedDependencies" : [ {
    "majorSchemaVersion" : 3,
    "name" : "employee-app",
    "isPublic" : false,
    "properties" : { },
    "parameters" : { },
    "propertiesMetadata" : {
      "metadata" : { }
    },
    "parametersMetadata" : {
      "metadata" : { }
    }
  } ],
  "propertiesMetadata" : {
    "metadata" : { }
  },
  "parametersMetadata" : {
    "metadata" : { }
  },
  "deployedAfter" : [ ],
  "hooks" : [ ]
} ]#
#2026 06 14 18:48:01.951#Z#DEBUG#87cc2b18-6821-11f1-aca3-eeee0a82a9ce.OPERATION#flowable-async-job-executor-thread-3489#
Step "Compute Next Modules To Deploy" finished#
#2026 06 14 18:48:02.083#Z#DEBUG#87cc2b18-6821-11f1-aca3-eeee0a82a9ce.OPERATION#flowable-async-job-executor-thread-3488#
[ProcessDescriptorStep] Executing task "reprocessDescriptorTask" of process "922259de-6821-11f1-a120-eeee0a872bf9"...#
#2026 06 14 18:48:02.083#Z#DEBUG#87cc2b18-6821-11f1-aca3-eeee0a82a9ce.OPERATION#flowable-async-job-executor-thread-3488#
[ProcessDescriptorStep] Resolving properties and parameters in merged descriptor...#
#2026 06 14 18:48:02.086#Z#DEBUG#87cc2b18-6821-11f1-aca3-eeee0a82a9ce.OPERATION#flowable-async-job-executor-thread-3488#
[ProcessDescriptorStep] Subscriptions: [ ]#
#2026 06 14 18:48:02.090#Z#DEBUG#87cc2b18-6821-11f1-aca3-eeee0a82a9ce.OPERATION#flowable-async-job-executor-thread-3488#
[ProcessDescriptorStep] MTA modules: [employee-app-db-deployer, employee-app, employee-app-srv]#
#2026 06 14 18:48:02.092#Z#DEBUG#87cc2b18-6821-11f1-aca3-eeee0a82a9ce.OPERATION#flowable-async-job-executor-thread-3488#
[ProcessDescriptorStep] Resolved deployment descriptor: {
  "majorSchemaVersion" : 3,
  "schemaVersion" : "3.1.0",
  "id" : "employee-app",
  "version" : "1.0.0",
  "modules" : [ {
    "majorSchemaVersion" : 3,
    "name" : "employee-app-srv",
    "type" : "javascript.nodejs",
    "path" : "employee-app-srv",
    "properties" : { },
    "parameters" : {
      "default-url" : "https://9450e8eatrial-dev-employee-app-srv.cfapps.us10-001.hana.ondemand.com",
      "default-app-name" : "employee-app-srv",
      "generated-password" : "********",
      "default-live-url" : "https://9450e8eatrial-dev-employee-app-srv.cfapps.us10-001.hana.ondemand.com",
      "default-uri" : "9450e8eatrial-dev-employee-app-srv.cfapps.us10-001.hana.ondemand.com",
      "default-instances" : 1,
      "default-live-host" : "9450e8eatrial-dev-employee-app-srv",
      "instances" : 1,
      "readiness-health-check-http-endpoint" : "/health",
      "readiness-health-check-type" : "http",
      "buildpack" : "nodejs_buildpack",
      "default-host" : "9450e8eatrial-dev-employee-app-srv",
      "app-name" : "employee-app-srv",
      "default-live-uri" : "9450e8eatrial-dev-employee-app-srv.cfapps.us10-001.hana.ondemand.com",
      "protocol" : "https",
      "default-live-app-name" : "employee-app-srv",
      "default-live-domain" : "cfapps.us10-001.hana.ondemand.com",
      "domain" : "cfapps.us10-001.hana.ondemand.com",
      "host" : "9450e8eatrial-dev-employee-app-srv",
      "generated-user" : "********"
    },
    "requiredDependencies" : [ {
      "majorSchemaVersion" : 3,
      "name" : "employee-app-db",
      "properties" : { },
      "parameters" : { },
      "propertiesMetadata" : {
        "metadata" : { }
      },
      "parametersMetadata" : {
        "metadata" : { }
      }
    }, {
      "majorSchemaVersion" : 3,
      "name" : "employee-app-xsuaa",
      "properties" : { },
      "parameters" : { },
      "propertiesMetadata" : {
        "metadata" : { }
      },
      "parametersMetadata" : {
        "metadata" : { }
      }
    } ],
    "providedDependencies" : [ {
      "majorSchemaVersion" : 3,
      "name" : "srv-api",
      "isPublic" : false,
      "properties" : {
        "srv-url" : "https://9450e8eatrial-dev-employee-app-srv.cfapps.us10-001.hana.ondemand.com"
      },
      "parameters" : { },
      "propertiesMetadata" : {
        "metadata" : { }
      },
      "parametersMetadata" : {
        "metadata" : { }
      }
    }, {
      "majorSchemaVersion" : 3,
      "name" : "employee-app-srv",
      "isPublic" : false,
      "properties" : { },
      "parameters" : { },
      "propertiesMetadata" : {
        "metadata" : { }
      },
      "parametersMetadata" : {
        "metadata" : { }
      }
    } ],
    "propertiesMetadata" : {
      "metadata" : { }
    },
    "parametersMetadata" : {
      "metadata" : { }
    },
    "hooks" : [ ]
  }, {
    "majorSchemaVersion" : 3,
    "name" : "employee-app-db-deployer",
    "type" : "com.sap.xs.hdi",
    "path" : "employee-app-db-deployer",
    "properties" : {
      "EXIT" : 1
    },
    "parameters" : {
      "default-url" : "https://9450e8eatrial-dev-employee-app-db-deployer.cfapps.us10-001.hana.ondemand.com",
      "default-app-name" : "employee-app-db-deployer",
      "generated-password" : "********",
      "default-live-url" : "https://9450e8eatrial-dev-employee-app-db-deployer.cfapps.us10-001.hana.ondemand.com",
      "default-uri" : "9450e8eatrial-dev-employee-app-db-deployer.cfapps.us10-001.hana.ondemand.com",
      "memory" : "256M",
      "default-instances" : 1,
      "no-route" : true,
      "default-live-host" : "9450e8eatrial-dev-employee-app-db-deployer",
      "instances" : 1,
      "buildpack" : "nodejs_buildpack",
      "default-host" : "9450e8eatrial-dev-employee-app-db-deployer",
      "app-name" : "employee-app-db-deployer",
      "default-live-uri" : "9450e8eatrial-dev-employee-app-db-deployer.cfapps.us10-001.hana.ondemand.com",
      "protocol" : "https",
      "default-live-app-name" : "employee-app-db-deployer",
      "default-live-domain" : "cfapps.us10-001.hana.ondemand.com",
      "dependency-type" : "hard",
      "domain" : "cfapps.us10-001.hana.ondemand.com",
      "host" : "9450e8eatrial-dev-employee-app-db-deployer",
      "generated-user" : "********",
      "tasks" : [ {
        "command" : "npm start",
        "memory" : "256M",
        "name" : "deploy"
      } ],
      "no-start" : true
    },
    "requiredDependencies" : [ {
      "majorSchemaVersion" : 3,
      "name" : "employee-app-db",
      "properties" : { },
      "parameters" : { },
      "propertiesMetadata" : {
        "metadata" : { }
      },
      "parametersMetadata" : {
        "metadata" : { }
      }
    } ],
    "providedDependencies" : [ {
      "majorSchemaVersion" : 3,
      "name" : "employee-app-db-deployer",
      "isPublic" : false,
      "properties" : { },
      "parameters" : { },
      "propertiesMetadata" : {
        "metadata" : { }
      },
      "parametersMetadata" : {
        "metadata" : { }
      }
    } ],
    "propertiesMetadata" : {
      "metadata" : { }
    },
    "parametersMetadata" : {
      "metadata" : { }
    },
    "hooks" : [ ]
  }, {
    "majorSchemaVersion" : 3,
    "name" : "employee-app",
    "type" : "javascript.nodejs",
    "path" : "employee-app",
    "properties" : { },
    "parameters" : {
      "default-url" : "https://9450e8eatrial-dev-employee-app.cfapps.us10-001.hana.ondemand.com",
      "default-app-name" : "employee-app",
      "generated-password" : "********",
      "default-live-url" : "https://9450e8eatrial-dev-employee-app.cfapps.us10-001.hana.ondemand.com",
      "default-uri" : "9450e8eatrial-dev-employee-app.cfapps.us10-001.hana.ondemand.com",
      "memory" : "256M",
      "default-instances" : 1,
      "default-live-host" : "9450e8eatrial-dev-employee-app",
      "instances" : 1,
      "default-host" : "9450e8eatrial-dev-employee-app",
      "keep-existing-routes" : true,
      "app-name" : "employee-app",
      "default-live-uri" : "9450e8eatrial-dev-employee-app.cfapps.us10-001.hana.ondemand.com",
      "protocol" : "https",
      "default-live-app-name" : "employee-app",
      "default-live-domain" : "cfapps.us10-001.hana.ondemand.com",
      "disk-quota" : "256M",
      "domain" : "cfapps.us10-001.hana.ondemand.com",
      "host" : "9450e8eatrial-dev-employee-app",
      "generated-user" : "********"
    },
    "requiredDependencies" : [ {
      "majorSchemaVersion" : 3,
      "name" : "srv-api",
      "group" : "destinations",
      "properties" : {
        "name" : "srv-api",
        "forwardAuthToken" : "********",
        "url" : "https://9450e8eatrial-dev-employee-app-srv.cfapps.us10-001.hana.ondemand.com"
      },
      "parameters" : { },
      "propertiesMetadata" : {
        "metadata" : { }
      },
      "parametersMetadata" : {
        "metadata" : { }
      }
    }, {
      "majorSchemaVersion" : 3,
      "name" : "employee-app-xsuaa",
      "properties" : { },
      "parameters" : { },
      "propertiesMetadata" : {
        "metadata" : { }
      },
      "parametersMetadata" : {
        "metadata" : { }
      }
    } ],
    "providedDependencies" : [ {
      "majorSchemaVersion" : 3,
      "name" : "employee-app",
      "isPublic" : false,
      "properties" : { },
      "parameters" : { },
      "propertiesMetadata" : {
        "metadata" : { }
      },
      "parametersMetadata" : {
        "metadata" : { }
      }
    } ],
    "propertiesMetadata" : {
      "metadata" : { }
    },
    "parametersMetadata" : {
      "metadata" : { }
    },
    "hooks" : [ ]
  } ],
  "resources" : [ {
    "majorSchemaVersion" : 3,
    "name" : "employee-app-db",
    "type" : "com.sap.xs.hdi-container",
    "properties" : {
      "hdi-service-name" : "employee-app-db"
    },
    "parameters" : {
      "generated-password" : "********",
      "service-name" : "employee-app-db",
      "service-plan" : "hdi-shared",
      "service" : "hana",
      "generated-user" : "********",
      "default-xsappname" : "employee-app-db",
      "type" : "managed-service",
      "default-service-name" : "employee-app-db",
      "default-container-name" : "9450E8EATRIAL_DEV_EMPLOYEE_APP_DB"
    },
    "isActive" : true,
    "isOptional" : false,
    "propertiesMetadata" : {
      "metadata" : { }
    },
    "parametersMetadata" : {
      "metadata" : { }
    },
    "requiredDependencies" : [ ],
    "processedAfter" : [ ]
  }, {
    "majorSchemaVersion" : 3,
    "name" : "employee-app-xsuaa",
    "type" : "org.cloudfoundry.managed-service",
    "properties" : { },
    "parameters" : {
      "generated-password" : "********",
      "path" : "./xs-security.json",
      "service-name" : "employee-app-xsuaa",
      "service-plan" : "application",
      "service" : "xsuaa",
      "generated-user" : "********",
      "default-xsappname" : "employee-app-xsuaa",
      "type" : "managed-service",
      "config" : {
        "tenant-mode" : "dedicated",
        "xsappname" : "employee-app"
      },
      "default-service-name" : "employee-app-xsuaa",
      "default-container-name" : "9450E8EATRIAL_DEV_EMPLOYEE_APP_XSUAA"
    },
    "isActive" : true,
    "isOptional" : false,
    "propertiesMetadata" : {
      "metadata" : { }
    },
    "parametersMetadata" : {
      "metadata" : { }
    },
    "requiredDependencies" : [ ],
    "processedAfter" : [ ]
  } ],
  "parameters" : {
    "mta-id" : "employee-app",
    "authorization-url" : "********",
    "org-guid" : "0a51c295-f80d-4524-8c95-969ce7fefbe1",
    "org" : "9450e8eatrial",
    "deploy-target" : "9450e8eatrial dev",
    "enable-parallel-deployments" : true,
    "region-primary-domain" : "us10.hana.ondemand.com",
    "space" : "dev",
    "region-domain" : "us10-001.hana.ondemand.com",
    "xs-api-url" : "https://api.cf.us10-001.hana.ondemand.com",
    "deploy-url" : "deploy-service.cfapps.us10-001.hana.ondemand.com",
    "xs-type" : "CF",
    "default-domain" : "cfapps.us10-001.hana.ondemand.com",
    "mta-version" : "1.0.0",
    "xs-auth-url" : "********",
    "space-guid" : "3360c433-a61d-4cc2-a782-28807be3a0d4",
    "user" : "********",
    "controller-url" : "https://api.cf.us10-001.hana.ondemand.com",
    "timestamp" : "20260614184744"
  },
  "parametersMetadata" : {
    "metadata" : { }
  }
}#
#2026 06 14 18:48:02.092#Z#DEBUG#87cc2b18-6821-11f1-aca3-eeee0a82a9ce.OPERATION#flowable-async-job-executor-thread-3488#
[ProcessDescriptorStep] Merged descriptor properties and parameters resolved#
#2026 06 14 18:48:02.092#Z#DEBUG#87cc2b18-6821-11f1-aca3-eeee0a82a9ce.OPERATION#flowable-async-job-executor-thread-3488#
Step "Re-Process Descriptor Step" finished#
#2026 06 14 18:48:02.117#Z#DEBUG#87cc2b18-6821-11f1-aca3-eeee0a82a9ce.OPERATION#flowable-async-job-executor-thread-3488#
[BuildApplicationDeployModelStep] Executing task "buildApplicationDeployModelTask" of process "922259de-6821-11f1-a120-eeee0a872bf9"...#
#2026 06 14 18:48:02.119#Z#DEBUG#87cc2b18-6821-11f1-aca3-eeee0a82a9ce.OPERATION#flowable-async-job-executor-thread-3488#
[BuildApplicationDeployModelStep] Building cloud deployment model for application "employee-app-db-deployer"...#
#2026 06 14 18:48:02.124#Z#DEBUG#87cc2b18-6821-11f1-aca3-eeee0a82a9ce.OPERATION#flowable-async-job-executor-thread-3488#
[BuildApplicationDeployModelStep] No health-check-type is specified. Setting default type: port#
#2026 06 14 18:48:02.125#Z#INFO#87cc2b18-6821-11f1-aca3-eeee0a82a9ce.OPERATION#flowable-async-job-executor-thread-3488#
[BuildApplicationDeployModelStep] Building configuration entries for org 9450e8eatrial, space dev, spaceId 3360c433-a61d-4cc2-a782-28807be3a0d4 and namespace null!#
#2026 06 14 18:48:02.125#Z#DEBUG#87cc2b18-6821-11f1-aca3-eeee0a82a9ce.OPERATION#flowable-async-job-executor-thread-3488#
[BuildApplicationDeployModelStep] Configuration entries to publish: [ ]#
#2026 06 14 18:48:02.125#Z#DEBUG#87cc2b18-6821-11f1-aca3-eeee0a82a9ce.OPERATION#flowable-async-job-executor-thread-3488#
[BuildApplicationDeployModelStep] Cloud deployment model for application built#
#2026 06 14 18:48:02.125#Z#DEBUG#87cc2b18-6821-11f1-aca3-eeee0a82a9ce.OPERATION#flowable-async-job-executor-thread-3488#
Step "Build Application Deploy Model" finished#
#2026 06 14 18:48:02.159#Z#DEBUG#87cc2b18-6821-11f1-aca3-eeee0a82a9ce.OPERATION#flowable-async-job-executor-thread-3488#
[CreateOrUpdateAppStep] Executing task "createAppTask" of process "922259de-6821-11f1-a120-eeee0a872bf9"...#
#2026 06 14 18:48:02.161#Z#DEBUG#87cc2b18-6821-11f1-aca3-eeee0a82a9ce.OPERATION#flowable-async-job-executor-thread-3488#
[CreateOrUpdateAppStep] Getting application "employee-app-db-deployer"...#
#2026 06 14 18:48:02.198#Z#INFO#87cc2b18-6821-11f1-aca3-eeee0a82a9ce.OPERATION#flowable-async-job-executor-thread-3488#
[CreateOrUpdateAppStep] Updating application "employee-app-db-deployer"...#
#2026 06 14 18:48:02.203#Z#DEBUG#87cc2b18-6821-11f1-aca3-eeee0a82a9ce.OPERATION#flowable-async-job-executor-thread-3488#
[CreateOrUpdateAppStep] Getting process for application "412db8b7-5bb5-4469-8657-4ee1b6831de5"...#
#2026 06 14 18:48:02.240#Z#DEBUG#87cc2b18-6821-11f1-aca3-eeee0a82a9ce.OPERATION#flowable-async-job-executor-thread-3488#
[CreateOrUpdateAppStep] Getting routes for application "412db8b7-5bb5-4469-8657-4ee1b6831de5"...#
#2026 06 14 18:48:02.272#Z#DEBUG#87cc2b18-6821-11f1-aca3-eeee0a82a9ce.OPERATION#flowable-async-job-executor-thread-3488#
[CreateOrUpdateAppStep] Getting features for application "412db8b7-5bb5-4469-8657-4ee1b6831de5"#
#2026 06 14 18:48:02.297#Z#DEBUG#87cc2b18-6821-11f1-aca3-eeee0a82a9ce.OPERATION#flowable-async-job-executor-thread-3488#
[CreateOrUpdateAppStep] Updating staging of application "employee-app-db-deployer" to: {
  "buildpacks" : [ "nodejs_buildpack" ],
  "healthCheckType" : "port",
  "appFeatures" : { }
}#
#2026 06 14 18:48:02.518#Z#DEBUG#87cc2b18-6821-11f1-aca3-eeee0a82a9ce.OPERATION#flowable-async-job-executor-thread-3488#
[CreateOrUpdateAppStep] Application "employee-app-db-deployer" updated#
#2026 06 14 18:48:02.518#Z#DEBUG#87cc2b18-6821-11f1-aca3-eeee0a82a9ce.OPERATION#flowable-async-job-executor-thread-3488#
[CreateOrUpdateAppStep] Getting environment of application "412db8b7-5bb5-4469-8657-4ee1b6831de5"...#
#2026 06 14 18:48:02.612#Z#DEBUG#87cc2b18-6821-11f1-aca3-eeee0a82a9ce.OPERATION#flowable-async-job-executor-thread-3488#
[CreateOrUpdateAppStep] Application "employee-app-db-deployer" updated#
#2026 06 14 18:48:02.613#Z#DEBUG#87cc2b18-6821-11f1-aca3-eeee0a82a9ce.OPERATION#flowable-async-job-executor-thread-3488#
Step "Create App" finished#
#2026 06 14 18:48:02.692#Z#DEBUG#87cc2b18-6821-11f1-aca3-eeee0a82a9ce.OPERATION#flowable-async-job-executor-thread-3488#
[CheckServiceBindingOperationStep] Executing task "checkForServiceBindingOperationInProgress" of process "92849d71-6821-11f1-a120-eeee0a872bf9"...#
#2026 06 14 18:48:02.693#Z#DEBUG#87cc2b18-6821-11f1-aca3-eeee0a82a9ce.OPERATION#flowable-async-job-executor-thread-3488#
[CheckServiceBindingOperationStep] Checking for service binding operation in progress between app "employee-app-db-deployer" and service instance "employee-app-db"#
#2026 06 14 18:48:02.693#Z#DEBUG#87cc2b18-6821-11f1-aca3-eeee0a82a9ce.OPERATION#flowable-async-job-executor-thread-3488#
[CheckServiceBindingOperationStep] Getting application guid "employee-app-db-deployer"...#
#2026 06 14 18:48:02.735#Z#DEBUG#87cc2b18-6821-11f1-aca3-eeee0a82a9ce.OPERATION#flowable-async-job-executor-thread-3488#
[CheckServiceBindingOperationStep] Getting GUID of required service instance "employee-app-db"...#
#2026 06 14 18:48:02.769#Z#DEBUG#87cc2b18-6821-11f1-aca3-eeee0a82a9ce.OPERATION#flowable-async-job-executor-thread-3488#
[CheckServiceBindingOperationStep] Getting binding of service instance "7ecc48f4-cb09-4a2c-a9f4-ace26563159f" with application "412db8b7-5bb5-4469-8657-4ee1b6831de5"...#
#2026 06 14 18:48:02.802#Z#DEBUG#87cc2b18-6821-11f1-aca3-eeee0a82a9ce.OPERATION#flowable-async-job-executor-thread-3488#
[CheckServiceBindingOperationStep] Service binding operation "3da44b4d-a17a-4b7f-b005-47eb349e3134" with type "create" is in state "succeeded"#
#2026 06 14 18:48:02.802#Z#DEBUG#87cc2b18-6821-11f1-aca3-eeee0a82a9ce.OPERATION#flowable-async-job-executor-thread-3488#
Step "Check For Service Binding Operation In Progress" finished#
#2026 06 14 18:48:02.830#Z#DEBUG#87cc2b18-6821-11f1-aca3-eeee0a82a9ce.OPERATION#flowable-async-job-executor-thread-3488#
[DetermineApplicationServiceBindingActionsStep] Executing task "determineApplicationServiceBindingActionsTask" of process "92849d71-6821-11f1-a120-eeee0a872bf9"...#
#2026 06 14 18:48:02.831#Z#DEBUG#87cc2b18-6821-11f1-aca3-eeee0a82a9ce.OPERATION#flowable-async-job-executor-thread-3488#
[DetermineApplicationServiceBindingActionsStep] Determine bind/unbind operations of application "employee-app-db-deployer" to service instance "employee-app-db"#
#2026 06 14 18:48:02.831#Z#DEBUG#87cc2b18-6821-11f1-aca3-eeee0a82a9ce.OPERATION#flowable-async-job-executor-thread-3488#
[DetermineApplicationServiceBindingActionsStep] Getting application "employee-app-db-deployer"...#
#2026 06 14 18:48:02.875#Z#DEBUG#87cc2b18-6821-11f1-aca3-eeee0a82a9ce.OPERATION#flowable-async-job-executor-thread-3488#
[DetermineApplicationServiceBindingActionsStep] Binding parameters for application "employee-app-db-deployer": { }#
#2026 06 14 18:48:02.917#Z#DEBUG#87cc2b18-6821-11f1-aca3-eeee0a82a9ce.OPERATION#flowable-async-job-executor-thread-3488#
[DetermineApplicationServiceBindingActionsStep] Check should rebind application "employee-app-db-deployer" and service instance "employee-app-db"#
#2026 06 14 18:48:02.917#Z#DEBUG#87cc2b18-6821-11f1-aca3-eeee0a82a9ce.OPERATION#flowable-async-job-executor-thread-3488#
[DetermineApplicationServiceBindingActionsStep] Getting GUID of required service instance "employee-app-db"...#
#2026 06 14 18:48:02.949#Z#DEBUG#87cc2b18-6821-11f1-aca3-eeee0a82a9ce.OPERATION#flowable-async-job-executor-thread-3488#
[DetermineApplicationServiceBindingActionsStep] Getting binding of service instance "7ecc48f4-cb09-4a2c-a9f4-ace26563159f" with application "412db8b7-5bb5-4469-8657-4ee1b6831de5"...#
#2026 06 14 18:48:02.985#Z#DEBUG#87cc2b18-6821-11f1-aca3-eeee0a82a9ce.OPERATION#flowable-async-job-executor-thread-3488#
[DetermineApplicationServiceBindingActionsStep] Getting parameters of service binding "3da44b4d-a17a-4b7f-b005-47eb349e3134"...#
#2026 06 14 18:48:03.172#Z#INFO#87cc2b18-6821-11f1-aca3-eeee0a82a9ce.OPERATION#flowable-async-job-executor-thread-3488#
[DetermineApplicationServiceBindingActionsStep] Service instance "employee-app-db" will not be rebound to application "employee-app-db-deployer" because the binding parameters are not modified#
#2026 06 14 18:48:03.178#Z#DEBUG#87cc2b18-6821-11f1-aca3-eeee0a82a9ce.OPERATION#flowable-async-job-executor-thread-3488#
[DetermineApplicationServiceBindingActionsStep] Calculated binding operations between application "employee-app-db-deployer" and service instance "employee-app-db": unbind - false bind - false#
#2026 06 14 18:48:03.178#Z#DEBUG#87cc2b18-6821-11f1-aca3-eeee0a82a9ce.OPERATION#flowable-async-job-executor-thread-3488#
Step "Determine Application Service Binding Actions" finished#
#2026 06 14 18:48:03.272#Z#DEBUG#87cc2b18-6821-11f1-aca3-eeee0a82a9ce.OPERATION#flowable-async-job-executor-thread-3488#
[DetermineVcapServicesPropertiesChangedStep] Executing task "determineVcapServicesPropertiesChangedTask" of process "92dca89b-6821-11f1-a120-eeee0a872bf9"...#
#2026 06 14 18:48:03.273#Z#DEBUG#87cc2b18-6821-11f1-aca3-eeee0a82a9ce.OPERATION#flowable-async-job-executor-thread-3488#
[DetermineVcapServicesPropertiesChangedStep] VCAP_SERVICES properties for application "employee-app-db-deployer" changed: false#
#2026 06 14 18:48:03.273#Z#DEBUG#87cc2b18-6821-11f1-aca3-eeee0a82a9ce.OPERATION#flowable-async-job-executor-thread-3488#
Step "Determine vcap services properties changed" finished#
#2026 06 14 18:48:03.300#Z#DEBUG#87cc2b18-6821-11f1-aca3-eeee0a82a9ce.OPERATION#flowable-async-job-executor-thread-3488#
[UploadAppStep] Executing task "uploadAppTask" of process "92dca89b-6821-11f1-a120-eeee0a872bf9"...#
#2026 06 14 18:48:03.301#Z#DEBUG#87cc2b18-6821-11f1-aca3-eeee0a82a9ce.OPERATION#flowable-async-job-executor-thread-3488#
[UploadAppStep] Application upload timeout is default one: 3,600 seconds#
#2026 06 14 18:48:03.301#Z#INFO#87cc2b18-6821-11f1-aca3-eeee0a82a9ce.OPERATION#flowable-async-job-executor-thread-3488#
[UploadAppStep] Uploading application "employee-app-db-deployer"...#
#2026 06 14 18:48:03.305#Z#DEBUG#87cc2b18-6821-11f1-aca3-eeee0a82a9ce.OPERATION#flowable-async-job-executor-thread-3488#
[UploadAppStep] Getting application "employee-app-db-deployer"...#
#2026 06 14 18:48:03.359#Z#DEBUG#87cc2b18-6821-11f1-aca3-eeee0a82a9ce.OPERATION#flowable-async-job-executor-thread-3488#
[UploadAppStep] Getting environment of application "412db8b7-5bb5-4469-8657-4ee1b6831de5"...#
#2026 06 14 18:48:03.389#Z#INFO#87cc2b18-6821-11f1-aca3-eeee0a82a9ce.OPERATION#flowable-async-job-executor-thread-3488#
[UploadAppStep] Calculating application digest: "employee-app-db-deployer"#
#2026 06 14 18:48:03.545#Z#DEBUG#87cc2b18-6821-11f1-aca3-eeee0a82a9ce.OPERATION#flowable-async-job-executor-thread-3488#
Step "Upload App" finished#
#2026 06 14 18:48:04.611#Z#DEBUG#87cc2b18-6821-11f1-aca3-eeee0a82a9ce.OPERATION#flowable-async-job-executor-thread-1228#
[ProcessDescriptorStep] Executing task "reprocessDescriptorTask" of process "93a06ecf-6821-11f1-aca3-eeee0a82a9ce"...#
#2026 06 14 18:48:04.612#Z#DEBUG#87cc2b18-6821-11f1-aca3-eeee0a82a9ce.OPERATION#flowable-async-job-executor-thread-1228#
[ProcessDescriptorStep] Resolving properties and parameters in merged descriptor...#
#2026 06 14 18:48:04.616#Z#DEBUG#87cc2b18-6821-11f1-aca3-eeee0a82a9ce.OPERATION#flowable-async-job-executor-thread-1228#
[ProcessDescriptorStep] Subscriptions: [ ]#
#2026 06 14 18:48:04.623#Z#DEBUG#87cc2b18-6821-11f1-aca3-eeee0a82a9ce.OPERATION#flowable-async-job-executor-thread-1228#
[ProcessDescriptorStep] MTA modules: [employee-app-db-deployer, employee-app, employee-app-srv]#
#2026 06 14 18:48:04.626#Z#DEBUG#87cc2b18-6821-11f1-aca3-eeee0a82a9ce.OPERATION#flowable-async-job-executor-thread-1228#
[ProcessDescriptorStep] Resolved deployment descriptor: {
  "majorSchemaVersion" : 3,
  "schemaVersion" : "3.1.0",
  "id" : "employee-app",
  "version" : "1.0.0",
  "modules" : [ {
    "majorSchemaVersion" : 3,
    "name" : "employee-app-srv",
    "type" : "javascript.nodejs",
    "path" : "employee-app-srv",
    "properties" : { },
    "parameters" : {
      "default-url" : "https://9450e8eatrial-dev-employee-app-srv.cfapps.us10-001.hana.ondemand.com",
      "default-app-name" : "employee-app-srv",
      "generated-password" : "********",
      "default-live-url" : "https://9450e8eatrial-dev-employee-app-srv.cfapps.us10-001.hana.ondemand.com",
      "default-uri" : "9450e8eatrial-dev-employee-app-srv.cfapps.us10-001.hana.ondemand.com",
      "default-instances" : 1,
      "default-live-host" : "9450e8eatrial-dev-employee-app-srv",
      "instances" : 1,
      "readiness-health-check-http-endpoint" : "/health",
      "readiness-health-check-type" : "http",
      "buildpack" : "nodejs_buildpack",
      "default-host" : "9450e8eatrial-dev-employee-app-srv",
      "app-name" : "employee-app-srv",
      "default-live-uri" : "9450e8eatrial-dev-employee-app-srv.cfapps.us10-001.hana.ondemand.com",
      "protocol" : "https",
      "default-live-app-name" : "employee-app-srv",
      "default-live-domain" : "cfapps.us10-001.hana.ondemand.com",
      "domain" : "cfapps.us10-001.hana.ondemand.com",
      "host" : "9450e8eatrial-dev-employee-app-srv",
      "generated-user" : "********"
    },
    "requiredDependencies" : [ {
      "majorSchemaVersion" : 3,
      "name" : "employee-app-db",
      "properties" : { },
      "parameters" : { },
      "propertiesMetadata" : {
        "metadata" : { }
      },
      "parametersMetadata" : {
        "metadata" : { }
      }
    }, {
      "majorSchemaVersion" : 3,
      "name" : "employee-app-xsuaa",
      "properties" : { },
      "parameters" : { },
      "propertiesMetadata" : {
        "metadata" : { }
      },
      "parametersMetadata" : {
        "metadata" : { }
      }
    } ],
    "providedDependencies" : [ {
      "majorSchemaVersion" : 3,
      "name" : "srv-api",
      "isPublic" : false,
      "properties" : {
        "srv-url" : "https://9450e8eatrial-dev-employee-app-srv.cfapps.us10-001.hana.ondemand.com"
      },
      "parameters" : { },
      "propertiesMetadata" : {
        "metadata" : { }
      },
      "parametersMetadata" : {
        "metadata" : { }
      }
    }, {
      "majorSchemaVersion" : 3,
      "name" : "employee-app-srv",
      "isPublic" : false,
      "properties" : { },
      "parameters" : { },
      "propertiesMetadata" : {
        "metadata" : { }
      },
      "parametersMetadata" : {
        "metadata" : { }
      }
    } ],
    "propertiesMetadata" : {
      "metadata" : { }
    },
    "parametersMetadata" : {
      "metadata" : { }
    },
    "hooks" : [ ]
  }, {
    "majorSchemaVersion" : 3,
    "name" : "employee-app-db-deployer",
    "type" : "com.sap.xs.hdi",
    "path" : "employee-app-db-deployer",
    "properties" : {
      "EXIT" : 1
    },
    "parameters" : {
      "default-url" : "https://9450e8eatrial-dev-employee-app-db-deployer.cfapps.us10-001.hana.ondemand.com",
      "default-app-name" : "employee-app-db-deployer",
      "generated-password" : "********",
      "default-live-url" : "https://9450e8eatrial-dev-employee-app-db-deployer.cfapps.us10-001.hana.ondemand.com",
      "default-uri" : "9450e8eatrial-dev-employee-app-db-deployer.cfapps.us10-001.hana.ondemand.com",
      "memory" : "256M",
      "default-instances" : 1,
      "no-route" : true,
      "default-live-host" : "9450e8eatrial-dev-employee-app-db-deployer",
      "instances" : 1,
      "buildpack" : "nodejs_buildpack",
      "default-host" : "9450e8eatrial-dev-employee-app-db-deployer",
      "app-name" : "employee-app-db-deployer",
      "default-live-uri" : "9450e8eatrial-dev-employee-app-db-deployer.cfapps.us10-001.hana.ondemand.com",
      "protocol" : "https",
      "default-live-app-name" : "employee-app-db-deployer",
      "default-live-domain" : "cfapps.us10-001.hana.ondemand.com",
      "dependency-type" : "hard",
      "domain" : "cfapps.us10-001.hana.ondemand.com",
      "host" : "9450e8eatrial-dev-employee-app-db-deployer",
      "generated-user" : "********",
      "tasks" : [ {
        "command" : "npm start",
        "memory" : "256M",
        "name" : "deploy"
      } ],
      "no-start" : true
    },
    "requiredDependencies" : [ {
      "majorSchemaVersion" : 3,
      "name" : "employee-app-db",
      "properties" : { },
      "parameters" : { },
      "propertiesMetadata" : {
        "metadata" : { }
      },
      "parametersMetadata" : {
        "metadata" : { }
      }
    } ],
    "providedDependencies" : [ {
      "majorSchemaVersion" : 3,
      "name" : "employee-app-db-deployer",
      "isPublic" : false,
      "properties" : { },
      "parameters" : { },
      "propertiesMetadata" : {
        "metadata" : { }
      },
      "parametersMetadata" : {
        "metadata" : { }
      }
    } ],
    "propertiesMetadata" : {
      "metadata" : { }
    },
    "parametersMetadata" : {
      "metadata" : { }
    },
    "hooks" : [ ]
  }, {
    "majorSchemaVersion" : 3,
    "name" : "employee-app",
    "type" : "javascript.nodejs",
    "path" : "employee-app",
    "properties" : { },
    "parameters" : {
      "default-url" : "https://9450e8eatrial-dev-employee-app.cfapps.us10-001.hana.ondemand.com",
      "default-app-name" : "employee-app",
      "generated-password" : "********",
      "default-live-url" : "https://9450e8eatrial-dev-employee-app.cfapps.us10-001.hana.ondemand.com",
      "default-uri" : "9450e8eatrial-dev-employee-app.cfapps.us10-001.hana.ondemand.com",
      "memory" : "256M",
      "default-instances" : 1,
      "default-live-host" : "9450e8eatrial-dev-employee-app",
      "instances" : 1,
      "default-host" : "9450e8eatrial-dev-employee-app",
      "keep-existing-routes" : true,
      "app-name" : "employee-app",
      "default-live-uri" : "9450e8eatrial-dev-employee-app.cfapps.us10-001.hana.ondemand.com",
      "protocol" : "https",
      "default-live-app-name" : "employee-app",
      "default-live-domain" : "cfapps.us10-001.hana.ondemand.com",
      "disk-quota" : "256M",
      "domain" : "cfapps.us10-001.hana.ondemand.com",
      "host" : "9450e8eatrial-dev-employee-app",
      "generated-user" : "********"
    },
    "requiredDependencies" : [ {
      "majorSchemaVersion" : 3,
      "name" : "srv-api",
      "group" : "destinations",
      "properties" : {
        "name" : "srv-api",
        "forwardAuthToken" : "********",
        "url" : "https://9450e8eatrial-dev-employee-app-srv.cfapps.us10-001.hana.ondemand.com"
      },
      "parameters" : { },
      "propertiesMetadata" : {
        "metadata" : { }
      },
      "parametersMetadata" : {
        "metadata" : { }
      }
    }, {
      "majorSchemaVersion" : 3,
      "name" : "employee-app-xsuaa",
      "properties" : { },
      "parameters" : { },
      "propertiesMetadata" : {
        "metadata" : { }
      },
      "parametersMetadata" : {
        "metadata" : { }
      }
    } ],
    "providedDependencies" : [ {
      "majorSchemaVersion" : 3,
      "name" : "employee-app",
      "isPublic" : false,
      "properties" : { },
      "parameters" : { },
      "propertiesMetadata" : {
        "metadata" : { }
      },
      "parametersMetadata" : {
        "metadata" : { }
      }
    } ],
    "propertiesMetadata" : {
      "metadata" : { }
    },
    "parametersMetadata" : {
      "metadata" : { }
    },
    "hooks" : [ ]
  } ],
  "resources" : [ {
    "majorSchemaVersion" : 3,
    "name" : "employee-app-db",
    "type" : "com.sap.xs.hdi-container",
    "properties" : {
      "hdi-service-name" : "employee-app-db"
    },
    "parameters" : {
      "generated-password" : "********",
      "service-name" : "employee-app-db",
      "service-plan" : "hdi-shared",
      "service" : "hana",
      "generated-user" : "********",
      "default-xsappname" : "employee-app-db",
      "type" : "managed-service",
      "default-service-name" : "employee-app-db",
      "default-container-name" : "9450E8EATRIAL_DEV_EMPLOYEE_APP_DB"
    },
    "isActive" : true,
    "isOptional" : false,
    "propertiesMetadata" : {
      "metadata" : { }
    },
    "parametersMetadata" : {
      "metadata" : { }
    },
    "requiredDependencies" : [ ],
    "processedAfter" : [ ]
  }, {
    "majorSchemaVersion" : 3,
    "name" : "employee-app-xsuaa",
    "type" : "org.cloudfoundry.managed-service",
    "properties" : { },
    "parameters" : {
      "generated-password" : "********",
      "path" : "./xs-security.json",
      "service-name" : "employee-app-xsuaa",
      "service-plan" : "application",
      "service" : "xsuaa",
      "generated-user" : "********",
      "default-xsappname" : "employee-app-xsuaa",
      "type" : "managed-service",
      "config" : {
        "tenant-mode" : "dedicated",
        "xsappname" : "employee-app"
      },
      "default-service-name" : "employee-app-xsuaa",
      "default-container-name" : "9450E8EATRIAL_DEV_EMPLOYEE_APP_XSUAA"
    },
    "isActive" : true,
    "isOptional" : false,
    "propertiesMetadata" : {
      "metadata" : { }
    },
    "parametersMetadata" : {
      "metadata" : { }
    },
    "requiredDependencies" : [ ],
    "processedAfter" : [ ]
  } ],
  "parameters" : {
    "mta-id" : "employee-app",
    "authorization-url" : "********",
    "org-guid" : "0a51c295-f80d-4524-8c95-969ce7fefbe1",
    "org" : "9450e8eatrial",
    "deploy-target" : "9450e8eatrial dev",
    "enable-parallel-deployments" : true,
    "region-primary-domain" : "us10.hana.ondemand.com",
    "space" : "dev",
    "region-domain" : "us10-001.hana.ondemand.com",
    "xs-api-url" : "https://api.cf.us10-001.hana.ondemand.com",
    "deploy-url" : "deploy-service.cfapps.us10-001.hana.ondemand.com",
    "xs-type" : "CF",
    "default-domain" : "cfapps.us10-001.hana.ondemand.com",
    "mta-version" : "1.0.0",
    "xs-auth-url" : "********",
    "space-guid" : "3360c433-a61d-4cc2-a782-28807be3a0d4",
    "user" : "********",
    "controller-url" : "https://api.cf.us10-001.hana.ondemand.com",
    "timestamp" : "20260614184744"
  },
  "parametersMetadata" : {
    "metadata" : { }
  }
}#
#2026 06 14 18:48:04.626#Z#DEBUG#87cc2b18-6821-11f1-aca3-eeee0a82a9ce.OPERATION#flowable-async-job-executor-thread-1228#
[ProcessDescriptorStep] Merged descriptor properties and parameters resolved#
#2026 06 14 18:48:04.626#Z#DEBUG#87cc2b18-6821-11f1-aca3-eeee0a82a9ce.OPERATION#flowable-async-job-executor-thread-1228#
Step "Re-Process Descriptor Step" finished#
#2026 06 14 18:48:04.667#Z#DEBUG#87cc2b18-6821-11f1-aca3-eeee0a82a9ce.OPERATION#flowable-async-job-executor-thread-1228#
[BuildApplicationDeployModelStep] Executing task "buildApplicationDeployModelTask" of process "93a06ecf-6821-11f1-aca3-eeee0a82a9ce"...#
#2026 06 14 18:48:04.670#Z#DEBUG#87cc2b18-6821-11f1-aca3-eeee0a82a9ce.OPERATION#flowable-async-job-executor-thread-1228#
[BuildApplicationDeployModelStep] Building cloud deployment model for application "employee-app-srv"...#
#2026 06 14 18:48:04.675#Z#DEBUG#87cc2b18-6821-11f1-aca3-eeee0a82a9ce.OPERATION#flowable-async-job-executor-thread-1228#
[BuildApplicationDeployModelStep] No health-check-type is specified. Setting default type: port#
#2026 06 14 18:48:04.676#Z#INFO#87cc2b18-6821-11f1-aca3-eeee0a82a9ce.OPERATION#flowable-async-job-executor-thread-1228#
[BuildApplicationDeployModelStep] Building configuration entries for org 9450e8eatrial, space dev, spaceId 3360c433-a61d-4cc2-a782-28807be3a0d4 and namespace null!#
#2026 06 14 18:48:04.677#Z#DEBUG#87cc2b18-6821-11f1-aca3-eeee0a82a9ce.OPERATION#flowable-async-job-executor-thread-1228#
[BuildApplicationDeployModelStep] Configuration entries to publish: [ ]#
#2026 06 14 18:48:04.677#Z#DEBUG#87cc2b18-6821-11f1-aca3-eeee0a82a9ce.OPERATION#flowable-async-job-executor-thread-1228#
[BuildApplicationDeployModelStep] Cloud deployment model for application built#
#2026 06 14 18:48:04.677#Z#DEBUG#87cc2b18-6821-11f1-aca3-eeee0a82a9ce.OPERATION#flowable-async-job-executor-thread-1228#
Step "Build Application Deploy Model" finished#
#2026 06 14 18:48:04.728#Z#DEBUG#87cc2b18-6821-11f1-aca3-eeee0a82a9ce.OPERATION#flowable-async-job-executor-thread-1228#
[CreateOrUpdateAppStep] Executing task "createAppTask" of process "93a06ecf-6821-11f1-aca3-eeee0a82a9ce"...#
#2026 06 14 18:48:04.730#Z#DEBUG#87cc2b18-6821-11f1-aca3-eeee0a82a9ce.OPERATION#flowable-async-job-executor-thread-1228#
[CreateOrUpdateAppStep] Getting application "employee-app-srv"...#
#2026 06 14 18:48:04.771#Z#INFO#87cc2b18-6821-11f1-aca3-eeee0a82a9ce.OPERATION#flowable-async-job-executor-thread-1228#
[CreateOrUpdateAppStep] Updating application "employee-app-srv"...#
#2026 06 14 18:48:04.780#Z#DEBUG#87cc2b18-6821-11f1-aca3-eeee0a82a9ce.OPERATION#flowable-async-job-executor-thread-1228#
[CreateOrUpdateAppStep] Getting process for application "d82c773d-11e1-4a8b-885d-ff9df84e4d28"...#
#2026 06 14 18:48:04.813#Z#DEBUG#87cc2b18-6821-11f1-aca3-eeee0a82a9ce.OPERATION#flowable-async-job-executor-thread-1228#
[CreateOrUpdateAppStep] Getting routes for application "d82c773d-11e1-4a8b-885d-ff9df84e4d28"...#
#2026 06 14 18:48:04.860#Z#DEBUG#87cc2b18-6821-11f1-aca3-eeee0a82a9ce.OPERATION#flowable-async-job-executor-thread-1228#
[CreateOrUpdateAppStep] Getting features for application "d82c773d-11e1-4a8b-885d-ff9df84e4d28"#
#2026 06 14 18:48:04.888#Z#INFO#87cc2b18-6821-11f1-aca3-eeee0a82a9ce.OPERATION#flowable-async-job-executor-thread-1228#
[CreateOrUpdateAppStep] Application "employee-app-srv" attributes are not modified and will not be updated#
#2026 06 14 18:48:04.894#Z#DEBUG#87cc2b18-6821-11f1-aca3-eeee0a82a9ce.OPERATION#flowable-async-job-executor-thread-1228#
[CreateOrUpdateAppStep] Getting environment of application "d82c773d-11e1-4a8b-885d-ff9df84e4d28"...#
#2026 06 14 18:48:04.978#Z#DEBUG#87cc2b18-6821-11f1-aca3-eeee0a82a9ce.OPERATION#flowable-async-job-executor-thread-1228#
[CreateOrUpdateAppStep] Application "employee-app-srv" updated#
#2026 06 14 18:48:04.978#Z#DEBUG#87cc2b18-6821-11f1-aca3-eeee0a82a9ce.OPERATION#flowable-async-job-executor-thread-1228#
Step "Create App" finished#
#2026 06 14 18:48:05.099#Z#DEBUG#87cc2b18-6821-11f1-aca3-eeee0a82a9ce.OPERATION#flowable-async-job-executor-thread-1228#
[CheckServiceBindingOperationStep] Executing task "checkForServiceBindingOperationInProgress" of process "93f21097-6821-11f1-aca3-eeee0a82a9ce"...#
#2026 06 14 18:48:05.099#Z#DEBUG#87cc2b18-6821-11f1-aca3-eeee0a82a9ce.OPERATION#flowable-async-job-executor-thread-1228#
[CheckServiceBindingOperationStep] Checking for service binding operation in progress between app "employee-app-srv" and service instance "employee-app-db"#
#2026 06 14 18:48:05.101#Z#DEBUG#87cc2b18-6821-11f1-aca3-eeee0a82a9ce.OPERATION#flowable-async-job-executor-thread-1228#
[CheckServiceBindingOperationStep] Getting application guid "employee-app-srv"...#
#2026 06 14 18:48:05.144#Z#DEBUG#87cc2b18-6821-11f1-aca3-eeee0a82a9ce.OPERATION#flowable-async-job-executor-thread-1228#
[CheckServiceBindingOperationStep] Getting GUID of required service instance "employee-app-db"...#
#2026 06 14 18:48:05.173#Z#DEBUG#87cc2b18-6821-11f1-aca3-eeee0a82a9ce.OPERATION#flowable-async-job-executor-thread-1228#
[CheckServiceBindingOperationStep] Getting binding of service instance "7ecc48f4-cb09-4a2c-a9f4-ace26563159f" with application "d82c773d-11e1-4a8b-885d-ff9df84e4d28"...#
#2026 06 14 18:48:05.211#Z#DEBUG#87cc2b18-6821-11f1-aca3-eeee0a82a9ce.OPERATION#flowable-async-job-executor-thread-1228#
[CheckServiceBindingOperationStep] Service binding operation "a9e79488-4c67-43fc-9839-552a131a863e" with type "create" is in state "succeeded"#
#2026 06 14 18:48:05.211#Z#DEBUG#87cc2b18-6821-11f1-aca3-eeee0a82a9ce.OPERATION#flowable-async-job-executor-thread-1228#
Step "Check For Service Binding Operation In Progress" finished#
#2026 06 14 18:48:05.247#Z#DEBUG#87cc2b18-6821-11f1-aca3-eeee0a82a9ce.OPERATION#flowable-async-job-executor-thread-1228#
[DetermineApplicationServiceBindingActionsStep] Executing task "determineApplicationServiceBindingActionsTask" of process "93f21097-6821-11f1-aca3-eeee0a82a9ce"...#
#2026 06 14 18:48:05.249#Z#DEBUG#87cc2b18-6821-11f1-aca3-eeee0a82a9ce.OPERATION#flowable-async-job-executor-thread-1228#
[DetermineApplicationServiceBindingActionsStep] Determine bind/unbind operations of application "employee-app-srv" to service instance "employee-app-db"#
#2026 06 14 18:48:05.249#Z#DEBUG#87cc2b18-6821-11f1-aca3-eeee0a82a9ce.OPERATION#flowable-async-job-executor-thread-1228#
[DetermineApplicationServiceBindingActionsStep] Getting application "employee-app-srv"...#
#2026 06 14 18:48:05.292#Z#DEBUG#87cc2b18-6821-11f1-aca3-eeee0a82a9ce.OPERATION#flowable-async-job-executor-thread-1228#
[DetermineApplicationServiceBindingActionsStep] Binding parameters for application "employee-app-srv": { }#
#2026 06 14 18:48:05.324#Z#DEBUG#87cc2b18-6821-11f1-aca3-eeee0a82a9ce.OPERATION#flowable-async-job-executor-thread-1228#
[DetermineApplicationServiceBindingActionsStep] Check should rebind application "employee-app-srv" and service instance "employee-app-db"#
#2026 06 14 18:48:05.324#Z#DEBUG#87cc2b18-6821-11f1-aca3-eeee0a82a9ce.OPERATION#flowable-async-job-executor-thread-1228#
[DetermineApplicationServiceBindingActionsStep] Getting GUID of required service instance "employee-app-db"...#
#2026 06 14 18:48:05.359#Z#DEBUG#87cc2b18-6821-11f1-aca3-eeee0a82a9ce.OPERATION#flowable-async-job-executor-thread-1228#
[DetermineApplicationServiceBindingActionsStep] Getting binding of service instance "7ecc48f4-cb09-4a2c-a9f4-ace26563159f" with application "d82c773d-11e1-4a8b-885d-ff9df84e4d28"...#
#2026 06 14 18:48:05.390#Z#DEBUG#87cc2b18-6821-11f1-aca3-eeee0a82a9ce.OPERATION#flowable-async-job-executor-thread-1228#
[DetermineApplicationServiceBindingActionsStep] Getting parameters of service binding "a9e79488-4c67-43fc-9839-552a131a863e"...#
#2026 06 14 18:48:05.594#Z#INFO#87cc2b18-6821-11f1-aca3-eeee0a82a9ce.OPERATION#flowable-async-job-executor-thread-1228#
[DetermineApplicationServiceBindingActionsStep] Service instance "employee-app-db" will not be rebound to application "employee-app-srv" because the binding parameters are not modified#
#2026 06 14 18:48:05.602#Z#DEBUG#87cc2b18-6821-11f1-aca3-eeee0a82a9ce.OPERATION#flowable-async-job-executor-thread-1228#
[DetermineApplicationServiceBindingActionsStep] Calculated binding operations between application "employee-app-srv" and service instance "employee-app-db": unbind - false bind - false#
#2026 06 14 18:48:05.602#Z#DEBUG#87cc2b18-6821-11f1-aca3-eeee0a82a9ce.OPERATION#flowable-async-job-executor-thread-1228#
Step "Determine Application Service Binding Actions" finished#
#2026 06 14 18:48:07.581#Z#DEBUG#87cc2b18-6821-11f1-aca3-eeee0a82a9ce.OPERATION#flowable-async-job-executor-thread-3498#
[ProcessDescriptorStep] Executing task "reprocessDescriptorTask" of process "95683655-6821-11f1-a120-eeee0a872bf9"...#
#2026 06 14 18:48:07.581#Z#DEBUG#87cc2b18-6821-11f1-aca3-eeee0a82a9ce.OPERATION#flowable-async-job-executor-thread-3498#
[ProcessDescriptorStep] Resolving properties and parameters in merged descriptor...#
#2026 06 14 18:48:07.584#Z#DEBUG#87cc2b18-6821-11f1-aca3-eeee0a82a9ce.OPERATION#flowable-async-job-executor-thread-3498#
[ProcessDescriptorStep] Subscriptions: [ ]#
#2026 06 14 18:48:07.590#Z#DEBUG#87cc2b18-6821-11f1-aca3-eeee0a82a9ce.OPERATION#flowable-async-job-executor-thread-3498#
[ProcessDescriptorStep] MTA modules: [employee-app-db-deployer, employee-app, employee-app-srv]#
#2026 06 14 18:48:07.594#Z#DEBUG#87cc2b18-6821-11f1-aca3-eeee0a82a9ce.OPERATION#flowable-async-job-executor-thread-3498#
[ProcessDescriptorStep] Resolved deployment descriptor: {
  "majorSchemaVersion" : 3,
  "schemaVersion" : "3.1.0",
  "id" : "employee-app",
  "version" : "1.0.0",
  "modules" : [ {
    "majorSchemaVersion" : 3,
    "name" : "employee-app-srv",
    "type" : "javascript.nodejs",
    "path" : "employee-app-srv",
    "properties" : { },
    "parameters" : {
      "default-url" : "https://9450e8eatrial-dev-employee-app-srv.cfapps.us10-001.hana.ondemand.com",
      "default-app-name" : "employee-app-srv",
      "generated-password" : "********",
      "default-live-url" : "https://9450e8eatrial-dev-employee-app-srv.cfapps.us10-001.hana.ondemand.com",
      "default-uri" : "9450e8eatrial-dev-employee-app-srv.cfapps.us10-001.hana.ondemand.com",
      "default-instances" : 1,
      "default-live-host" : "9450e8eatrial-dev-employee-app-srv",
      "instances" : 1,
      "readiness-health-check-http-endpoint" : "/health",
      "readiness-health-check-type" : "http",
      "buildpack" : "nodejs_buildpack",
      "default-host" : "9450e8eatrial-dev-employee-app-srv",
      "app-name" : "employee-app-srv",
      "default-live-uri" : "9450e8eatrial-dev-employee-app-srv.cfapps.us10-001.hana.ondemand.com",
      "protocol" : "https",
      "default-live-app-name" : "employee-app-srv",
      "default-live-domain" : "cfapps.us10-001.hana.ondemand.com",
      "domain" : "cfapps.us10-001.hana.ondemand.com",
      "host" : "9450e8eatrial-dev-employee-app-srv",
      "generated-user" : "********"
    },
    "requiredDependencies" : [ {
      "majorSchemaVersion" : 3,
      "name" : "employee-app-db",
      "properties" : { },
      "parameters" : { },
      "propertiesMetadata" : {
        "metadata" : { }
      },
      "parametersMetadata" : {
        "metadata" : { }
      }
    }, {
      "majorSchemaVersion" : 3,
      "name" : "employee-app-xsuaa",
      "properties" : { },
      "parameters" : { },
      "propertiesMetadata" : {
        "metadata" : { }
      },
      "parametersMetadata" : {
        "metadata" : { }
      }
    } ],
    "providedDependencies" : [ {
      "majorSchemaVersion" : 3,
      "name" : "srv-api",
      "isPublic" : false,
      "properties" : {
        "srv-url" : "https://9450e8eatrial-dev-employee-app-srv.cfapps.us10-001.hana.ondemand.com"
      },
      "parameters" : { },
      "propertiesMetadata" : {
        "metadata" : { }
      },
      "parametersMetadata" : {
        "metadata" : { }
      }
    }, {
      "majorSchemaVersion" : 3,
      "name" : "employee-app-srv",
      "isPublic" : false,
      "properties" : { },
      "parameters" : { },
      "propertiesMetadata" : {
        "metadata" : { }
      },
      "parametersMetadata" : {
        "metadata" : { }
      }
    } ],
    "propertiesMetadata" : {
      "metadata" : { }
    },
    "parametersMetadata" : {
      "metadata" : { }
    },
    "hooks" : [ ]
  }, {
    "majorSchemaVersion" : 3,
    "name" : "employee-app-db-deployer",
    "type" : "com.sap.xs.hdi",
    "path" : "employee-app-db-deployer",
    "properties" : {
      "EXIT" : 1
    },
    "parameters" : {
      "default-url" : "https://9450e8eatrial-dev-employee-app-db-deployer.cfapps.us10-001.hana.ondemand.com",
      "default-app-name" : "employee-app-db-deployer",
      "generated-password" : "********",
      "default-live-url" : "https://9450e8eatrial-dev-employee-app-db-deployer.cfapps.us10-001.hana.ondemand.com",
      "default-uri" : "9450e8eatrial-dev-employee-app-db-deployer.cfapps.us10-001.hana.ondemand.com",
      "memory" : "256M",
      "default-instances" : 1,
      "no-route" : true,
      "default-live-host" : "9450e8eatrial-dev-employee-app-db-deployer",
      "instances" : 1,
      "buildpack" : "nodejs_buildpack",
      "default-host" : "9450e8eatrial-dev-employee-app-db-deployer",
      "app-name" : "employee-app-db-deployer",
      "default-live-uri" : "9450e8eatrial-dev-employee-app-db-deployer.cfapps.us10-001.hana.ondemand.com",
      "protocol" : "https",
      "default-live-app-name" : "employee-app-db-deployer",
      "default-live-domain" : "cfapps.us10-001.hana.ondemand.com",
      "dependency-type" : "hard",
      "domain" : "cfapps.us10-001.hana.ondemand.com",
      "host" : "9450e8eatrial-dev-employee-app-db-deployer",
      "generated-user" : "********",
      "tasks" : [ {
        "command" : "npm start",
        "memory" : "256M",
        "name" : "deploy"
      } ],
      "no-start" : true
    },
    "requiredDependencies" : [ {
      "majorSchemaVersion" : 3,
      "name" : "employee-app-db",
      "properties" : { },
      "parameters" : { },
      "propertiesMetadata" : {
        "metadata" : { }
      },
      "parametersMetadata" : {
        "metadata" : { }
      }
    } ],
    "providedDependencies" : [ {
      "majorSchemaVersion" : 3,
      "name" : "employee-app-db-deployer",
      "isPublic" : false,
      "properties" : { },
      "parameters" : { },
      "propertiesMetadata" : {
        "metadata" : { }
      },
      "parametersMetadata" : {
        "metadata" : { }
      }
    } ],
    "propertiesMetadata" : {
      "metadata" : { }
    },
    "parametersMetadata" : {
      "metadata" : { }
    },
    "hooks" : [ ]
  }, {
    "majorSchemaVersion" : 3,
    "name" : "employee-app",
    "type" : "javascript.nodejs",
    "path" : "employee-app",
    "properties" : { },
    "parameters" : {
      "default-url" : "https://9450e8eatrial-dev-employee-app.cfapps.us10-001.hana.ondemand.com",
      "default-app-name" : "employee-app",
      "generated-password" : "********",
      "default-live-url" : "https://9450e8eatrial-dev-employee-app.cfapps.us10-001.hana.ondemand.com",
      "default-uri" : "9450e8eatrial-dev-employee-app.cfapps.us10-001.hana.ondemand.com",
      "memory" : "256M",
      "default-instances" : 1,
      "default-live-host" : "9450e8eatrial-dev-employee-app",
      "instances" : 1,
      "default-host" : "9450e8eatrial-dev-employee-app",
      "keep-existing-routes" : true,
      "app-name" : "employee-app",
      "default-live-uri" : "9450e8eatrial-dev-employee-app.cfapps.us10-001.hana.ondemand.com",
      "protocol" : "https",
      "default-live-app-name" : "employee-app",
      "default-live-domain" : "cfapps.us10-001.hana.ondemand.com",
      "disk-quota" : "256M",
      "domain" : "cfapps.us10-001.hana.ondemand.com",
      "host" : "9450e8eatrial-dev-employee-app",
      "generated-user" : "********"
    },
    "requiredDependencies" : [ {
      "majorSchemaVersion" : 3,
      "name" : "srv-api",
      "group" : "destinations",
      "properties" : {
        "name" : "srv-api",
        "forwardAuthToken" : "********",
        "url" : "https://9450e8eatrial-dev-employee-app-srv.cfapps.us10-001.hana.ondemand.com"
      },
      "parameters" : { },
      "propertiesMetadata" : {
        "metadata" : { }
      },
      "parametersMetadata" : {
        "metadata" : { }
      }
    }, {
      "majorSchemaVersion" : 3,
      "name" : "employee-app-xsuaa",
      "properties" : { },
      "parameters" : { },
      "propertiesMetadata" : {
        "metadata" : { }
      },
      "parametersMetadata" : {
        "metadata" : { }
      }
    } ],
    "providedDependencies" : [ {
      "majorSchemaVersion" : 3,
      "name" : "employee-app",
      "isPublic" : false,
      "properties" : { },
      "parameters" : { },
      "propertiesMetadata" : {
        "metadata" : { }
      },
      "parametersMetadata" : {
        "metadata" : { }
      }
    } ],
    "propertiesMetadata" : {
      "metadata" : { }
    },
    "parametersMetadata" : {
      "metadata" : { }
    },
    "hooks" : [ ]
  } ],
  "resources" : [ {
    "majorSchemaVersion" : 3,
    "name" : "employee-app-db",
    "type" : "com.sap.xs.hdi-container",
    "properties" : {
      "hdi-service-name" : "employee-app-db"
    },
    "parameters" : {
      "generated-password" : "********",
      "service-name" : "employee-app-db",
      "service-plan" : "hdi-shared",
      "service" : "hana",
      "generated-user" : "********",
      "default-xsappname" : "employee-app-db",
      "type" : "managed-service",
      "default-service-name" : "employee-app-db",
      "default-container-name" : "9450E8EATRIAL_DEV_EMPLOYEE_APP_DB"
    },
    "isActive" : true,
    "isOptional" : false,
    "propertiesMetadata" : {
      "metadata" : { }
    },
    "parametersMetadata" : {
      "metadata" : { }
    },
    "requiredDependencies" : [ ],
    "processedAfter" : [ ]
  }, {
    "majorSchemaVersion" : 3,
    "name" : "employee-app-xsuaa",
    "type" : "org.cloudfoundry.managed-service",
    "properties" : { },
    "parameters" : {
      "generated-password" : "********",
      "path" : "./xs-security.json",
      "service-name" : "employee-app-xsuaa",
      "service-plan" : "application",
      "service" : "xsuaa",
      "generated-user" : "********",
      "default-xsappname" : "employee-app-xsuaa",
      "type" : "managed-service",
      "config" : {
        "tenant-mode" : "dedicated",
        "xsappname" : "employee-app"
      },
      "default-service-name" : "employee-app-xsuaa",
      "default-container-name" : "9450E8EATRIAL_DEV_EMPLOYEE_APP_XSUAA"
    },
    "isActive" : true,
    "isOptional" : false,
    "propertiesMetadata" : {
      "metadata" : { }
    },
    "parametersMetadata" : {
      "metadata" : { }
    },
    "requiredDependencies" : [ ],
    "processedAfter" : [ ]
  } ],
  "parameters" : {
    "mta-id" : "employee-app",
    "authorization-url" : "********",
    "org-guid" : "0a51c295-f80d-4524-8c95-969ce7fefbe1",
    "org" : "9450e8eatrial",
    "deploy-target" : "9450e8eatrial dev",
    "enable-parallel-deployments" : true,
    "region-primary-domain" : "us10.hana.ondemand.com",
    "space" : "dev",
    "region-domain" : "us10-001.hana.ondemand.com",
    "xs-api-url" : "https://api.cf.us10-001.hana.ondemand.com",
    "deploy-url" : "deploy-service.cfapps.us10-001.hana.ondemand.com",
    "xs-type" : "CF",
    "default-domain" : "cfapps.us10-001.hana.ondemand.com",
    "mta-version" : "1.0.0",
    "xs-auth-url" : "********",
    "space-guid" : "3360c433-a61d-4cc2-a782-28807be3a0d4",
    "user" : "********",
    "controller-url" : "https://api.cf.us10-001.hana.ondemand.com",
    "timestamp" : "20260614184744"
  },
  "parametersMetadata" : {
    "metadata" : { }
  }
}#
#2026 06 14 18:48:07.594#Z#DEBUG#87cc2b18-6821-11f1-aca3-eeee0a82a9ce.OPERATION#flowable-async-job-executor-thread-3498#
[ProcessDescriptorStep] Merged descriptor properties and parameters resolved#
#2026 06 14 18:48:07.594#Z#DEBUG#87cc2b18-6821-11f1-aca3-eeee0a82a9ce.OPERATION#flowable-async-job-executor-thread-3498#
Step "Re-Process Descriptor Step" finished#
#2026 06 14 18:48:07.533#Z#DEBUG#87cc2b18-6821-11f1-aca3-eeee0a82a9ce.OPERATION#flowable-async-job-executor-thread-3497#
[CheckServiceBindingOperationStep] Executing task "checkForServiceBindingOperationInProgress" of process "9566880d-6821-11f1-a120-eeee0a872bf9"...#
#2026 06 14 18:48:07.533#Z#DEBUG#87cc2b18-6821-11f1-aca3-eeee0a82a9ce.OPERATION#flowable-async-job-executor-thread-3497#
[CheckServiceBindingOperationStep] Checking for service binding operation in progress between app "employee-app-srv" and service instance "employee-app-xsuaa"#
#2026 06 14 18:48:07.534#Z#DEBUG#87cc2b18-6821-11f1-aca3-eeee0a82a9ce.OPERATION#flowable-async-job-executor-thread-3497#
[CheckServiceBindingOperationStep] Getting application guid "employee-app-srv"...#
#2026 06 14 18:48:07.577#Z#DEBUG#87cc2b18-6821-11f1-aca3-eeee0a82a9ce.OPERATION#flowable-async-job-executor-thread-3497#
[CheckServiceBindingOperationStep] Getting GUID of required service instance "employee-app-xsuaa"...#
#2026 06 14 18:48:07.611#Z#DEBUG#87cc2b18-6821-11f1-aca3-eeee0a82a9ce.OPERATION#flowable-async-job-executor-thread-3497#
[CheckServiceBindingOperationStep] Getting binding of service instance "bf3d9767-def7-4e39-baf0-4f822de73755" with application "d82c773d-11e1-4a8b-885d-ff9df84e4d28"...#
#2026 06 14 18:48:07.646#Z#DEBUG#87cc2b18-6821-11f1-aca3-eeee0a82a9ce.OPERATION#flowable-async-job-executor-thread-3497#
[CheckServiceBindingOperationStep] Service binding operation "78275326-0c45-4beb-a4da-9c5bcd49e5cc" with type "create" is in state "succeeded"#
#2026 06 14 18:48:07.646#Z#DEBUG#87cc2b18-6821-11f1-aca3-eeee0a82a9ce.OPERATION#flowable-async-job-executor-thread-3497#
Step "Check For Service Binding Operation In Progress" finished#
#2026 06 14 18:48:07.623#Z#DEBUG#87cc2b18-6821-11f1-aca3-eeee0a82a9ce.OPERATION#flowable-async-job-executor-thread-3499#
[BuildApplicationDeployModelStep] Executing task "buildApplicationDeployModelTask" of process "95683655-6821-11f1-a120-eeee0a872bf9"...#
#2026 06 14 18:48:07.626#Z#DEBUG#87cc2b18-6821-11f1-aca3-eeee0a82a9ce.OPERATION#flowable-async-job-executor-thread-3499#
[BuildApplicationDeployModelStep] Building cloud deployment model for application "employee-app"...#
#2026 06 14 18:48:07.630#Z#DEBUG#87cc2b18-6821-11f1-aca3-eeee0a82a9ce.OPERATION#flowable-async-job-executor-thread-3499#
[BuildApplicationDeployModelStep] Getting routes for application "0b1e15a9-bc40-43ca-92bd-d7bdb41c0718"...#
#2026 06 14 18:48:07.676#Z#DEBUG#87cc2b18-6821-11f1-aca3-eeee0a82a9ce.OPERATION#flowable-async-job-executor-thread-3499#
[BuildApplicationDeployModelStep] No health-check-type is specified. Setting default type: port#
#2026 06 14 18:48:07.677#Z#INFO#87cc2b18-6821-11f1-aca3-eeee0a82a9ce.OPERATION#flowable-async-job-executor-thread-3499#
[BuildApplicationDeployModelStep] Building configuration entries for org 9450e8eatrial, space dev, spaceId 3360c433-a61d-4cc2-a782-28807be3a0d4 and namespace null!#
#2026 06 14 18:48:07.678#Z#DEBUG#87cc2b18-6821-11f1-aca3-eeee0a82a9ce.OPERATION#flowable-async-job-executor-thread-3499#
[BuildApplicationDeployModelStep] Configuration entries to publish: [ ]#
#2026 06 14 18:48:07.678#Z#DEBUG#87cc2b18-6821-11f1-aca3-eeee0a82a9ce.OPERATION#flowable-async-job-executor-thread-3499#
[BuildApplicationDeployModelStep] Cloud deployment model for application built#
#2026 06 14 18:48:07.678#Z#DEBUG#87cc2b18-6821-11f1-aca3-eeee0a82a9ce.OPERATION#flowable-async-job-executor-thread-3499#
Step "Build Application Deploy Model" finished#
#2026 06 14 18:48:07.674#Z#DEBUG#87cc2b18-6821-11f1-aca3-eeee0a82a9ce.OPERATION#flowable-async-job-executor-thread-3497#
[DetermineApplicationServiceBindingActionsStep] Executing task "determineApplicationServiceBindingActionsTask" of process "9566880d-6821-11f1-a120-eeee0a872bf9"...#
#2026 06 14 18:48:07.675#Z#DEBUG#87cc2b18-6821-11f1-aca3-eeee0a82a9ce.OPERATION#flowable-async-job-executor-thread-3497#
[DetermineApplicationServiceBindingActionsStep] Determine bind/unbind operations of application "employee-app-srv" to service instance "employee-app-xsuaa"#
#2026 06 14 18:48:07.675#Z#DEBUG#87cc2b18-6821-11f1-aca3-eeee0a82a9ce.OPERATION#flowable-async-job-executor-thread-3497#
[DetermineApplicationServiceBindingActionsStep] Getting application "employee-app-srv"...#
#2026 06 14 18:48:07.719#Z#DEBUG#87cc2b18-6821-11f1-aca3-eeee0a82a9ce.OPERATION#flowable-async-job-executor-thread-3497#
[DetermineApplicationServiceBindingActionsStep] Binding parameters for application "employee-app-srv": { }#
#2026 06 14 18:48:07.751#Z#DEBUG#87cc2b18-6821-11f1-aca3-eeee0a82a9ce.OPERATION#flowable-async-job-executor-thread-3497#
[DetermineApplicationServiceBindingActionsStep] Check should rebind application "employee-app-srv" and service instance "employee-app-xsuaa"#
#2026 06 14 18:48:07.751#Z#DEBUG#87cc2b18-6821-11f1-aca3-eeee0a82a9ce.OPERATION#flowable-async-job-executor-thread-3497#
[DetermineApplicationServiceBindingActionsStep] Getting GUID of required service instance "employee-app-xsuaa"...#
#2026 06 14 18:48:07.784#Z#DEBUG#87cc2b18-6821-11f1-aca3-eeee0a82a9ce.OPERATION#flowable-async-job-executor-thread-3497#
[DetermineApplicationServiceBindingActionsStep] Getting binding of service instance "bf3d9767-def7-4e39-baf0-4f822de73755" with application "d82c773d-11e1-4a8b-885d-ff9df84e4d28"...#
#2026 06 14 18:48:07.818#Z#DEBUG#87cc2b18-6821-11f1-aca3-eeee0a82a9ce.OPERATION#flowable-async-job-executor-thread-3497#
[DetermineApplicationServiceBindingActionsStep] Getting parameters of service binding "78275326-0c45-4beb-a4da-9c5bcd49e5cc"...#
#2026 06 14 18:48:07.843#Z#WARN#87cc2b18-6821-11f1-aca3-eeee0a82a9ce.OPERATION#flowable-async-job-executor-thread-3497#
[DetermineApplicationServiceBindingActionsStep] Cannot retrieve parameters of binding between application "employee-app-srv" and service instance "employee-app-xsuaa"#
#2026 06 14 18:48:07.844#Z#DEBUG#87cc2b18-6821-11f1-aca3-eeee0a82a9ce.OPERATION#flowable-async-job-executor-thread-3497#
[DetermineApplicationServiceBindingActionsStep] Calculated binding operations between application "employee-app-srv" and service instance "employee-app-xsuaa": unbind - true bind - true#
#2026 06 14 18:48:07.844#Z#DEBUG#87cc2b18-6821-11f1-aca3-eeee0a82a9ce.OPERATION#flowable-async-job-executor-thread-3497#
Step "Determine Application Service Binding Actions" finished#
#2026 06 14 18:48:07.878#Z#DEBUG#87cc2b18-6821-11f1-aca3-eeee0a82a9ce.OPERATION#flowable-async-job-executor-thread-3497#
[UnbindServiceFromApplicationStep] Executing task "unbindServiceFromApplicationTask" of process "9566880d-6821-11f1-a120-eeee0a872bf9"...#
#2026 06 14 18:48:07.880#Z#INFO#87cc2b18-6821-11f1-aca3-eeee0a82a9ce.OPERATION#flowable-async-job-executor-thread-3497#
[UnbindServiceFromApplicationStep] Unbinding service instance "employee-app-xsuaa" from application "employee-app-srv"...#
#2026 06 14 18:48:07.884#Z#DEBUG#87cc2b18-6821-11f1-aca3-eeee0a82a9ce.OPERATION#flowable-async-job-executor-thread-3497#
[UnbindServiceFromApplicationStep] Unbinding application "employee-app-srv" from service instance "employee-app-xsuaa"...#
#2026 06 14 18:48:08.031#Z#DEBUG#87cc2b18-6821-11f1-aca3-eeee0a82a9ce.OPERATION#flowable-async-job-executor-thread-3497#
Step "Unbind Service from Application" finished#
#2026 06 14 18:48:07.709#Z#DEBUG#87cc2b18-6821-11f1-aca3-eeee0a82a9ce.OPERATION#flowable-async-job-executor-thread-3499#
[CreateOrUpdateAppStep] Executing task "createAppTask" of process "95683655-6821-11f1-a120-eeee0a872bf9"...#
#2026 06 14 18:48:07.710#Z#DEBUG#87cc2b18-6821-11f1-aca3-eeee0a82a9ce.OPERATION#flowable-async-job-executor-thread-3499#
[CreateOrUpdateAppStep] Getting application "employee-app"...#
#2026 06 14 18:48:07.754#Z#INFO#87cc2b18-6821-11f1-aca3-eeee0a82a9ce.OPERATION#flowable-async-job-executor-thread-3499#
[CreateOrUpdateAppStep] Updating application "employee-app"...#
#2026 06 14 18:48:07.760#Z#DEBUG#87cc2b18-6821-11f1-aca3-eeee0a82a9ce.OPERATION#flowable-async-job-executor-thread-3499#
[CreateOrUpdateAppStep] Getting process for application "0b1e15a9-bc40-43ca-92bd-d7bdb41c0718"...#
#2026 06 14 18:48:07.796#Z#DEBUG#87cc2b18-6821-11f1-aca3-eeee0a82a9ce.OPERATION#flowable-async-job-executor-thread-3499#
[CreateOrUpdateAppStep] Getting routes for application "0b1e15a9-bc40-43ca-92bd-d7bdb41c0718"...#
#2026 06 14 18:48:07.839#Z#DEBUG#87cc2b18-6821-11f1-aca3-eeee0a82a9ce.OPERATION#flowable-async-job-executor-thread-3499#
[CreateOrUpdateAppStep] Getting features for application "0b1e15a9-bc40-43ca-92bd-d7bdb41c0718"#
#2026 06 14 18:48:07.868#Z#DEBUG#87cc2b18-6821-11f1-aca3-eeee0a82a9ce.OPERATION#flowable-async-job-executor-thread-3499#
[CreateOrUpdateAppStep] Updating staging of application "employee-app" to: {
  "buildpacks" : [ ],
  "healthCheckType" : "port",
  "appFeatures" : { }
}#
#2026 06 14 18:48:08.090#Z#DEBUG#87cc2b18-6821-11f1-aca3-eeee0a82a9ce.OPERATION#flowable-async-job-executor-thread-3499#
[CreateOrUpdateAppStep] Application "employee-app" updated#
#2026 06 14 18:48:08.090#Z#DEBUG#87cc2b18-6821-11f1-aca3-eeee0a82a9ce.OPERATION#flowable-async-job-executor-thread-3499#
[CreateOrUpdateAppStep] Getting environment of application "0b1e15a9-bc40-43ca-92bd-d7bdb41c0718"...#
#2026 06 14 18:48:08.158#Z#DEBUG#87cc2b18-6821-11f1-aca3-eeee0a82a9ce.OPERATION#flowable-async-job-executor-thread-3499#
[CreateOrUpdateAppStep] Application "employee-app" updated#
#2026 06 14 18:48:08.158#Z#DEBUG#87cc2b18-6821-11f1-aca3-eeee0a82a9ce.OPERATION#flowable-async-job-executor-thread-3499#
Step "Create App" finished#
#2026 06 14 18:48:08.242#Z#DEBUG#87cc2b18-6821-11f1-aca3-eeee0a82a9ce.OPERATION#flowable-async-job-executor-thread-3499#
[CheckServiceBindingOperationStep] Executing task "checkForServiceBindingOperationInProgress" of process "95d2de75-6821-11f1-a120-eeee0a872bf9"...#
#2026 06 14 18:48:08.242#Z#DEBUG#87cc2b18-6821-11f1-aca3-eeee0a82a9ce.OPERATION#flowable-async-job-executor-thread-3499#
[CheckServiceBindingOperationStep] Checking for service binding operation in progress between app "employee-app" and service instance "employee-app-xsuaa"#
#2026 06 14 18:48:08.243#Z#DEBUG#87cc2b18-6821-11f1-aca3-eeee0a82a9ce.OPERATION#flowable-async-job-executor-thread-3499#
[CheckServiceBindingOperationStep] Getting application guid "employee-app"...#
#2026 06 14 18:48:08.283#Z#DEBUG#87cc2b18-6821-11f1-aca3-eeee0a82a9ce.OPERATION#flowable-async-job-executor-thread-3499#
[CheckServiceBindingOperationStep] Getting GUID of required service instance "employee-app-xsuaa"...#
#2026 06 14 18:48:08.316#Z#DEBUG#87cc2b18-6821-11f1-aca3-eeee0a82a9ce.OPERATION#flowable-async-job-executor-thread-3499#
[CheckServiceBindingOperationStep] Getting binding of service instance "bf3d9767-def7-4e39-baf0-4f822de73755" with application "0b1e15a9-bc40-43ca-92bd-d7bdb41c0718"...#
#2026 06 14 18:48:08.358#Z#DEBUG#87cc2b18-6821-11f1-aca3-eeee0a82a9ce.OPERATION#flowable-async-job-executor-thread-3499#
[CheckServiceBindingOperationStep] Service binding operation "9ff44494-62b5-4220-a310-5c883ccc53bd" with type "create" is in state "succeeded"#
#2026 06 14 18:48:08.358#Z#DEBUG#87cc2b18-6821-11f1-aca3-eeee0a82a9ce.OPERATION#flowable-async-job-executor-thread-3499#
Step "Check For Service Binding Operation In Progress" finished#
#2026 06 14 18:48:08.385#Z#DEBUG#87cc2b18-6821-11f1-aca3-eeee0a82a9ce.OPERATION#flowable-async-job-executor-thread-3499#
[DetermineApplicationServiceBindingActionsStep] Executing task "determineApplicationServiceBindingActionsTask" of process "95d2de75-6821-11f1-a120-eeee0a872bf9"...#
#2026 06 14 18:48:08.387#Z#DEBUG#87cc2b18-6821-11f1-aca3-eeee0a82a9ce.OPERATION#flowable-async-job-executor-thread-3499#
[DetermineApplicationServiceBindingActionsStep] Determine bind/unbind operations of application "employee-app" to service instance "employee-app-xsuaa"#
#2026 06 14 18:48:08.387#Z#DEBUG#87cc2b18-6821-11f1-aca3-eeee0a82a9ce.OPERATION#flowable-async-job-executor-thread-3499#
[DetermineApplicationServiceBindingActionsStep] Getting application "employee-app"...#
#2026 06 14 18:48:08.431#Z#DEBUG#87cc2b18-6821-11f1-aca3-eeee0a82a9ce.OPERATION#flowable-async-job-executor-thread-3499#
[DetermineApplicationServiceBindingActionsStep] Binding parameters for application "employee-app": { }#
#2026 06 14 18:48:08.467#Z#DEBUG#87cc2b18-6821-11f1-aca3-eeee0a82a9ce.OPERATION#flowable-async-job-executor-thread-3499#
[DetermineApplicationServiceBindingActionsStep] Check should rebind application "employee-app" and service instance "employee-app-xsuaa"#
#2026 06 14 18:48:08.467#Z#DEBUG#87cc2b18-6821-11f1-aca3-eeee0a82a9ce.OPERATION#flowable-async-job-executor-thread-3499#
[DetermineApplicationServiceBindingActionsStep] Getting GUID of required service instance "employee-app-xsuaa"...#
#2026 06 14 18:48:08.498#Z#DEBUG#87cc2b18-6821-11f1-aca3-eeee0a82a9ce.OPERATION#flowable-async-job-executor-thread-3499#
[DetermineApplicationServiceBindingActionsStep] Getting binding of service instance "bf3d9767-def7-4e39-baf0-4f822de73755" with application "0b1e15a9-bc40-43ca-92bd-d7bdb41c0718"...#
#2026 06 14 18:48:08.532#Z#DEBUG#87cc2b18-6821-11f1-aca3-eeee0a82a9ce.OPERATION#flowable-async-job-executor-thread-3499#
[DetermineApplicationServiceBindingActionsStep] Getting parameters of service binding "9ff44494-62b5-4220-a310-5c883ccc53bd"...#
#2026 06 14 18:48:08.563#Z#WARN#87cc2b18-6821-11f1-aca3-eeee0a82a9ce.OPERATION#flowable-async-job-executor-thread-3499#
[DetermineApplicationServiceBindingActionsStep] Cannot retrieve parameters of binding between application "employee-app" and service instance "employee-app-xsuaa"#
#2026 06 14 18:48:08.564#Z#DEBUG#87cc2b18-6821-11f1-aca3-eeee0a82a9ce.OPERATION#flowable-async-job-executor-thread-3499#
[DetermineApplicationServiceBindingActionsStep] Calculated binding operations between application "employee-app" and service instance "employee-app-xsuaa": unbind - true bind - true#
#2026 06 14 18:48:08.564#Z#DEBUG#87cc2b18-6821-11f1-aca3-eeee0a82a9ce.OPERATION#flowable-async-job-executor-thread-3499#
Step "Determine Application Service Binding Actions" finished#
#2026 06 14 18:48:08.593#Z#DEBUG#87cc2b18-6821-11f1-aca3-eeee0a82a9ce.OPERATION#flowable-async-job-executor-thread-3500#
[UnbindServiceFromApplicationStep] Executing task "unbindServiceFromApplicationTask" of process "95d2de75-6821-11f1-a120-eeee0a872bf9"...#
#2026 06 14 18:48:08.595#Z#INFO#87cc2b18-6821-11f1-aca3-eeee0a82a9ce.OPERATION#flowable-async-job-executor-thread-3500#
[UnbindServiceFromApplicationStep] Unbinding service instance "employee-app-xsuaa" from application "employee-app"...#
#2026 06 14 18:48:08.600#Z#DEBUG#87cc2b18-6821-11f1-aca3-eeee0a82a9ce.OPERATION#flowable-async-job-executor-thread-3500#
[UnbindServiceFromApplicationStep] Unbinding application "employee-app" from service instance "employee-app-xsuaa"...#
#2026 06 14 18:48:08.752#Z#DEBUG#87cc2b18-6821-11f1-aca3-eeee0a82a9ce.OPERATION#flowable-async-job-executor-thread-3500#
Step "Unbind Service from Application" finished#
#2026 06 14 18:48:11.532#Z#DEBUG#87cc2b18-6821-11f1-aca3-eeee0a82a9ce.OPERATION#flowable-async-job-executor-thread-3501#
[UploadAppStep] Executing task "uploadAppTask" of process "92dca89b-6821-11f1-a120-eeee0a872bf9"...#
#2026 06 14 18:48:11.533#Z#DEBUG#87cc2b18-6821-11f1-aca3-eeee0a82a9ce.OPERATION#flowable-async-job-executor-thread-3501#
[UploadAppStep] Application upload timeout is default one: 3,600 seconds#
#2026 06 14 18:48:11.535#Z#DEBUG#87cc2b18-6821-11f1-aca3-eeee0a82a9ce.OPERATION#pool-21-thread-3#
[UploadAppStep] Upload of application: employee-app-db-deployer started on instance: 0#
#2026 06 14 18:48:11.535#Z#DEBUG#87cc2b18-6821-11f1-aca3-eeee0a82a9ce.OPERATION#pool-21-thread-3#
[UploadAppStep] Uploading file "employee-app-db-deployer/data.zip" for application "employee-app-db-deployer"#
#2026 06 14 18:48:11.622#Z#INFO#87cc2b18-6821-11f1-aca3-eeee0a82a9ce.OPERATION#pool-21-thread-3#
[UploadAppStep] Time elapsed for app binary download: 86 in millis#
#2026 06 14 18:48:11.622#Z#INFO#87cc2b18-6821-11f1-aca3-eeee0a82a9ce.OPERATION#pool-21-thread-3#
[UploadAppStep] Size of app employee-app-db-deployer is 14,716 bytes#
#2026 06 14 18:48:11.622#Z#DEBUG#87cc2b18-6821-11f1-aca3-eeee0a82a9ce.OPERATION#pool-21-thread-3#
[UploadAppStep] Asynchronously uploading binaries for application "employee-app-db-deployer"...#
#2026 06 14 18:48:11.812#Z#INFO#87cc2b18-6821-11f1-aca3-eeee0a82a9ce.OPERATION#pool-21-thread-3#
[UploadAppStep] Started async upload of application "employee-app-db-deployer"#
#2026 06 14 18:48:11.816#Z#INFO#87cc2b18-6821-11f1-aca3-eeee0a82a9ce.OPERATION#flowable-async-job-executor-thread-3501#
[UploadAppStep] Time elapsed for upload: 283 in millis#
#2026 06 14 18:48:11.816#Z#DEBUG#87cc2b18-6821-11f1-aca3-eeee0a82a9ce.OPERATION#flowable-async-job-executor-thread-3501#
[UploadAppStep] Getting application "employee-app-db-deployer"...#
#2026 06 14 18:48:11.840#Z#DEBUG#87cc2b18-6821-11f1-aca3-eeee0a82a9ce.OPERATION#App upload monitor: 1f1bf73d-b4d5-4668-957f-f7502839036b#
[UploadAppStep] Upload status: PROCESSING_UPLOAD#
#2026 06 14 18:48:11.857#Z#DEBUG#87cc2b18-6821-11f1-aca3-eeee0a82a9ce.OPERATION#flowable-async-job-executor-thread-3501#
[UploadAppStep] Getting environment of application "412db8b7-5bb5-4469-8657-4ee1b6831de5"...#
#2026 06 14 18:48:11.887#Z#DEBUG#87cc2b18-6821-11f1-aca3-eeee0a82a9ce.OPERATION#flowable-async-job-executor-thread-3501#
[UploadAppStep] Updating environment of application "employee-app-db-deployer"#
#2026 06 14 18:48:11.980#Z#DEBUG#87cc2b18-6821-11f1-aca3-eeee0a82a9ce.OPERATION#flowable-async-job-executor-thread-3501#
Step "Upload App" finished#
#2026 06 14 18:48:16.865#Z#DEBUG#87cc2b18-6821-11f1-aca3-eeee0a82a9ce.OPERATION#App upload monitor: 1f1bf73d-b4d5-4668-957f-f7502839036b#
[UploadAppStep] Upload status: READY#
#2026 06 14 18:48:21.590#Z#DEBUG#87cc2b18-6821-11f1-aca3-eeee0a82a9ce.OPERATION#flowable-async-job-executor-thread-3504#
[UploadAppStep] Executing task "uploadAppTask" of process "92dca89b-6821-11f1-a120-eeee0a872bf9"...#
#2026 06 14 18:48:21.592#Z#DEBUG#87cc2b18-6821-11f1-aca3-eeee0a82a9ce.OPERATION#flowable-async-job-executor-thread-3504#
[UploadAppStep] Application upload timeout is default one: 3,600 seconds#
#2026 06 14 18:48:21.592#Z#DEBUG#87cc2b18-6821-11f1-aca3-eeee0a82a9ce.OPERATION#flowable-async-job-executor-thread-3504#
[UploadAppStep] Checking upload status of application "employee-app-db-deployer"...#
#2026 06 14 18:48:21.593#Z#DEBUG#87cc2b18-6821-11f1-aca3-eeee0a82a9ce.OPERATION#flowable-async-job-executor-thread-3504#
[UploadAppStep] Getting package "1f1bf73d-b4d5-4668-957f-f7502839036b"...#
#2026 06 14 18:48:21.632#Z#DEBUG#87cc2b18-6821-11f1-aca3-eeee0a82a9ce.OPERATION#flowable-async-job-executor-thread-3504#
[UploadAppStep] Application "employee-app-db-deployer" uploaded#
#2026 06 14 18:48:21.633#Z#DEBUG#87cc2b18-6821-11f1-aca3-eeee0a82a9ce.OPERATION#flowable-async-job-executor-thread-3504#
Step "Upload App" finished#
#2026 06 14 18:48:21.568#Z#DEBUG#87cc2b18-6821-11f1-aca3-eeee0a82a9ce.OPERATION#flowable-async-job-executor-thread-3511#
[UnbindServiceFromApplicationStep] Executing task "unbindServiceFromApplicationTask" of process "9566880d-6821-11f1-a120-eeee0a872bf9"...#
#2026 06 14 18:48:21.572#Z#DEBUG#87cc2b18-6821-11f1-aca3-eeee0a82a9ce.OPERATION#flowable-async-job-executor-thread-3511#
[UnbindServiceFromApplicationStep] Getting async job "d711d04a-8f59-4ef4-9bdb-cbaf4dfd29c0"#
#2026 06 14 18:48:21.601#Z#DEBUG#87cc2b18-6821-11f1-aca3-eeee0a82a9ce.OPERATION#flowable-async-job-executor-thread-3511#
[UnbindServiceFromApplicationStep] Getting service instance "employee-app-xsuaa"...#
#2026 06 14 18:48:21.729#Z#DEBUG#87cc2b18-6821-11f1-aca3-eeee0a82a9ce.OPERATION#flowable-async-job-executor-thread-3511#
[UnbindServiceFromApplicationStep] Async service binding operation with id "d711d04a-8f59-4ef4-9bdb-cbaf4dfd29c0" finished#
#2026 06 14 18:48:21.732#Z#DEBUG#87cc2b18-6821-11f1-aca3-eeee0a82a9ce.OPERATION#flowable-async-job-executor-thread-3511#
Step "Unbind Service from Application" finished#
#2026 06 14 18:48:21.666#Z#DEBUG#87cc2b18-6821-11f1-aca3-eeee0a82a9ce.OPERATION#flowable-async-job-executor-thread-3504#
[ScaleAppStep] Executing task "scaleAppTask" of process "92dca89b-6821-11f1-a120-eeee0a872bf9"...#
#2026 06 14 18:48:21.671#Z#DEBUG#87cc2b18-6821-11f1-aca3-eeee0a82a9ce.OPERATION#flowable-async-job-executor-thread-3504#
[ScaleAppStep] Scaling application "employee-app-db-deployer"...#
#2026 06 14 18:48:21.671#Z#DEBUG#87cc2b18-6821-11f1-aca3-eeee0a82a9ce.OPERATION#flowable-async-job-executor-thread-3504#
[ScaleAppStep] Getting application guid "employee-app-db-deployer"...#
#2026 06 14 18:48:21.712#Z#DEBUG#87cc2b18-6821-11f1-aca3-eeee0a82a9ce.OPERATION#flowable-async-job-executor-thread-3504#
[ScaleAppStep] Getting process for application "412db8b7-5bb5-4469-8657-4ee1b6831de5"...#
#2026 06 14 18:48:21.750#Z#DEBUG#87cc2b18-6821-11f1-aca3-eeee0a82a9ce.OPERATION#flowable-async-job-executor-thread-3504#
[ScaleAppStep] Application "employee-app-db-deployer" scaled#
#2026 06 14 18:48:21.750#Z#DEBUG#87cc2b18-6821-11f1-aca3-eeee0a82a9ce.OPERATION#flowable-async-job-executor-thread-3504#
Step "Scale App" finished#
#2026 06 14 18:48:21.589#Z#DEBUG#87cc2b18-6821-11f1-aca3-eeee0a82a9ce.OPERATION#flowable-async-job-executor-thread-1236#
[UnbindServiceFromApplicationStep] Executing task "unbindServiceFromApplicationTask" of process "95d2de75-6821-11f1-a120-eeee0a872bf9"...#
#2026 06 14 18:48:21.593#Z#DEBUG#87cc2b18-6821-11f1-aca3-eeee0a82a9ce.OPERATION#flowable-async-job-executor-thread-1236#
[UnbindServiceFromApplicationStep] Getting async job "9b468676-01b8-485a-8524-ef40f40173aa"#
#2026 06 14 18:48:21.618#Z#DEBUG#87cc2b18-6821-11f1-aca3-eeee0a82a9ce.OPERATION#flowable-async-job-executor-thread-1236#
[UnbindServiceFromApplicationStep] Getting service instance "employee-app-xsuaa"...#
#2026 06 14 18:48:21.762#Z#DEBUG#87cc2b18-6821-11f1-aca3-eeee0a82a9ce.OPERATION#flowable-async-job-executor-thread-1236#
[UnbindServiceFromApplicationStep] Async service binding operation with id "9b468676-01b8-485a-8524-ef40f40173aa" finished#
#2026 06 14 18:48:21.767#Z#DEBUG#87cc2b18-6821-11f1-aca3-eeee0a82a9ce.OPERATION#flowable-async-job-executor-thread-1236#
Step "Unbind Service from Application" finished#
#2026 06 14 18:48:21.789#Z#DEBUG#87cc2b18-6821-11f1-aca3-eeee0a82a9ce.OPERATION#flowable-async-job-executor-thread-3504#
[DetermineDesiredStateAchievingActionsStep] Executing task "determineDesiredStateAchievingActionsTask" of process "92dca89b-6821-11f1-a120-eeee0a872bf9"...#
#2026 06 14 18:48:21.791#Z#DEBUG#87cc2b18-6821-11f1-aca3-eeee0a82a9ce.OPERATION#flowable-async-job-executor-thread-3504#
[DetermineDesiredStateAchievingActionsStep] Getting application "employee-app-db-deployer"...#
#2026 06 14 18:48:21.829#Z#DEBUG#87cc2b18-6821-11f1-aca3-eeee0a82a9ce.OPERATION#flowable-async-job-executor-thread-3504#
[DetermineDesiredStateAchievingActionsStep] Getting instances for application "employee-app-db-deployer"...#
#2026 06 14 18:48:21.829#Z#DEBUG#87cc2b18-6821-11f1-aca3-eeee0a82a9ce.OPERATION#flowable-async-job-executor-thread-3504#
[DetermineDesiredStateAchievingActionsStep] Getting environment of application "412db8b7-5bb5-4469-8657-4ee1b6831de5"...#
#2026 06 14 18:48:21.864#Z#DEBUG#87cc2b18-6821-11f1-aca3-eeee0a82a9ce.OPERATION#flowable-async-job-executor-thread-3504#
[DetermineDesiredStateAchievingActionsStep] Current state of application employee-app-db-deployer: STOPPED#
#2026 06 14 18:48:21.864#Z#DEBUG#87cc2b18-6821-11f1-aca3-eeee0a82a9ce.OPERATION#flowable-async-job-executor-thread-3504#
[DetermineDesiredStateAchievingActionsStep] Desired state of application employee-app-db-deployer: STOPPED#
#2026 06 14 18:48:21.864#Z#DEBUG#87cc2b18-6821-11f1-aca3-eeee0a82a9ce.OPERATION#flowable-async-job-executor-thread-3504#
[DetermineDesiredStateAchievingActionsStep] Actions that should be executed on application employee-app-db-deployer: [STAGE]#
#2026 06 14 18:48:21.864#Z#DEBUG#87cc2b18-6821-11f1-aca3-eeee0a82a9ce.OPERATION#flowable-async-job-executor-thread-3504#
Step "Determine Desired State Achieving Actions" finished#
#2026 06 14 18:48:21.772#Z#DEBUG#87cc2b18-6821-11f1-aca3-eeee0a82a9ce.OPERATION#flowable-async-job-executor-thread-3511#
[BindServiceToApplicationStep] Executing task "bindServiceToApplicationTask" of process "9566880d-6821-11f1-a120-eeee0a872bf9"...#
#2026 06 14 18:48:21.774#Z#INFO#87cc2b18-6821-11f1-aca3-eeee0a82a9ce.OPERATION#flowable-async-job-executor-thread-3511#
[BindServiceToApplicationStep] Binding service instance "employee-app-xsuaa" to application "employee-app-srv"...#
#2026 06 14 18:48:21.783#Z#DEBUG#87cc2b18-6821-11f1-aca3-eeee0a82a9ce.OPERATION#flowable-async-job-executor-thread-3511#
[BindServiceToApplicationStep] Binding service instance "employee-app-xsuaa" to application "employee-app-srv" with parameters: { }#
#2026 06 14 18:48:21.916#Z#DEBUG#87cc2b18-6821-11f1-aca3-eeee0a82a9ce.OPERATION#flowable-async-job-executor-thread-3511#
Step "Bind Service to Application" finished#
#2026 06 14 18:48:21.829#Z#DEBUG#87cc2b18-6821-11f1-aca3-eeee0a82a9ce.OPERATION#flowable-async-job-executor-thread-1229#
[BindServiceToApplicationStep] Executing task "bindServiceToApplicationTask" of process "95d2de75-6821-11f1-a120-eeee0a872bf9"...#
#2026 06 14 18:48:21.831#Z#INFO#87cc2b18-6821-11f1-aca3-eeee0a82a9ce.OPERATION#flowable-async-job-executor-thread-1229#
[BindServiceToApplicationStep] Binding service instance "employee-app-xsuaa" to application "employee-app"...#
#2026 06 14 18:48:21.839#Z#DEBUG#87cc2b18-6821-11f1-aca3-eeee0a82a9ce.OPERATION#flowable-async-job-executor-thread-1229#
[BindServiceToApplicationStep] Binding service instance "employee-app-xsuaa" to application "employee-app" with parameters: { }#
#2026 06 14 18:48:21.970#Z#DEBUG#87cc2b18-6821-11f1-aca3-eeee0a82a9ce.OPERATION#flowable-async-job-executor-thread-1229#
Step "Bind Service to Application" finished#
#2026 06 14 18:48:21.895#Z#DEBUG#87cc2b18-6821-11f1-aca3-eeee0a82a9ce.OPERATION#flowable-async-job-executor-thread-3504#
[StageAppStep] Executing task "stageAppTask" of process "92dca89b-6821-11f1-a120-eeee0a872bf9"...#
#2026 06 14 18:48:21.896#Z#DEBUG#87cc2b18-6821-11f1-aca3-eeee0a82a9ce.OPERATION#flowable-async-job-executor-thread-3504#
[StageAppStep] Application stage timeout is default one: 3,600 seconds#
#2026 06 14 18:48:21.898#Z#INFO#87cc2b18-6821-11f1-aca3-eeee0a82a9ce.OPERATION#flowable-async-job-executor-thread-3504#
[StageAppStep] Staging application "employee-app-db-deployer"...#
#2026 06 14 18:48:21.902#Z#DEBUG#87cc2b18-6821-11f1-aca3-eeee0a82a9ce.OPERATION#flowable-async-job-executor-thread-3504#
[StageAppStep] Creating build for package "1f1bf73d-b4d5-4668-957f-f7502839036b"...#
#2026 06 14 18:48:22.340#Z#DEBUG#87cc2b18-6821-11f1-aca3-eeee0a82a9ce.OPERATION#flowable-async-job-executor-thread-3504#
Step "Stage App" finished#
#2026 06 14 18:48:31.632#Z#DEBUG#87cc2b18-6821-11f1-aca3-eeee0a82a9ce.OPERATION#flowable-async-job-executor-thread-3515#
[StageAppStep] Executing task "stageAppTask" of process "92dca89b-6821-11f1-a120-eeee0a872bf9"...#
#2026 06 14 18:48:31.633#Z#DEBUG#87cc2b18-6821-11f1-aca3-eeee0a82a9ce.OPERATION#flowable-async-job-executor-thread-3515#
[StageAppStep] Application stage timeout is default one: 3,600 seconds#
#2026 06 14 18:48:31.634#Z#DEBUG#87cc2b18-6821-11f1-aca3-eeee0a82a9ce.OPERATION#flowable-async-job-executor-thread-3515#
[StageAppStep] Checking status of application "employee-app-db-deployer"...#
#2026 06 14 18:48:31.634#Z#DEBUG#87cc2b18-6821-11f1-aca3-eeee0a82a9ce.OPERATION#flowable-async-job-executor-thread-3515#
[StageAppStep] Getting build "eca09612-0097-4852-b9aa-1e6f63e15b4d"...#
#2026 06 14 18:48:31.666#Z#DEBUG#87cc2b18-6821-11f1-aca3-eeee0a82a9ce.OPERATION#flowable-async-job-executor-thread-3515#
[StageAppStep] Staging status of application "employee-app-db-deployer": PENDING#
#2026 06 14 18:48:31.669#Z#DEBUG#87cc2b18-6821-11f1-aca3-eeee0a82a9ce.OPERATION#flowable-async-job-executor-thread-3515#
[StageAppStep] Getting application guid "employee-app-db-deployer"...#
#2026 06 14 18:48:31.763#Z#DEBUG#87cc2b18-6821-11f1-aca3-eeee0a82a9ce.OPERATION#flowable-async-job-executor-thread-3515#
Step "Stage App" finished#
#2026 06 14 18:48:31.614#Z#DEBUG#87cc2b18-6821-11f1-aca3-eeee0a82a9ce.OPERATION#flowable-async-job-executor-thread-3519#
[BindServiceToApplicationStep] Executing task "bindServiceToApplicationTask" of process "9566880d-6821-11f1-a120-eeee0a872bf9"...#
#2026 06 14 18:48:31.616#Z#DEBUG#87cc2b18-6821-11f1-aca3-eeee0a82a9ce.OPERATION#flowable-async-job-executor-thread-3519#
[BindServiceToApplicationStep] Getting async job "f7bf1a84-fc33-466a-8d3d-c3767b9f50b1"#
#2026 06 14 18:48:31.628#Z#DEBUG#87cc2b18-6821-11f1-aca3-eeee0a82a9ce.OPERATION#flowable-async-job-executor-thread-3522#
[BindServiceToApplicationStep] Executing task "bindServiceToApplicationTask" of process "95d2de75-6821-11f1-a120-eeee0a872bf9"...#
#2026 06 14 18:48:31.631#Z#DEBUG#87cc2b18-6821-11f1-aca3-eeee0a82a9ce.OPERATION#flowable-async-job-executor-thread-3522#
[BindServiceToApplicationStep] Getting async job "9f84bafe-63d1-42eb-ac4a-6cb684f9ffd9"#
#2026 06 14 18:48:31.655#Z#DEBUG#87cc2b18-6821-11f1-aca3-eeee0a82a9ce.OPERATION#flowable-async-job-executor-thread-3522#
[BindServiceToApplicationStep] Getting service instance "employee-app-xsuaa"...#
#2026 06 14 18:48:31.660#Z#DEBUG#87cc2b18-6821-11f1-aca3-eeee0a82a9ce.OPERATION#flowable-async-job-executor-thread-3519#
[BindServiceToApplicationStep] Getting service instance "employee-app-xsuaa"...#
#2026 06 14 18:48:31.770#Z#DEBUG#87cc2b18-6821-11f1-aca3-eeee0a82a9ce.OPERATION#flowable-async-job-executor-thread-3522#
[BindServiceToApplicationStep] Async service binding operation with id "9f84bafe-63d1-42eb-ac4a-6cb684f9ffd9" finished#
#2026 06 14 18:48:31.771#Z#DEBUG#87cc2b18-6821-11f1-aca3-eeee0a82a9ce.OPERATION#flowable-async-job-executor-thread-3522#
Step "Bind Service to Application" finished#
#2026 06 14 18:48:31.779#Z#DEBUG#87cc2b18-6821-11f1-aca3-eeee0a82a9ce.OPERATION#flowable-async-job-executor-thread-3519#
[BindServiceToApplicationStep] Async service binding operation with id "f7bf1a84-fc33-466a-8d3d-c3767b9f50b1" finished#
#2026 06 14 18:48:31.780#Z#DEBUG#87cc2b18-6821-11f1-aca3-eeee0a82a9ce.OPERATION#flowable-async-job-executor-thread-3519#
Step "Bind Service to Application" finished#
#2026 06 14 18:48:31.884#Z#DEBUG#87cc2b18-6821-11f1-aca3-eeee0a82a9ce.OPERATION#flowable-async-job-executor-thread-3522#
[DetermineVcapServicesPropertiesChangedStep] Executing task "determineVcapServicesPropertiesChangedTask" of process "a3e8abe4-6821-11f1-a120-eeee0a872bf9"...#
#2026 06 14 18:48:31.885#Z#DEBUG#87cc2b18-6821-11f1-aca3-eeee0a82a9ce.OPERATION#flowable-async-job-executor-thread-3522#
[DetermineVcapServicesPropertiesChangedStep] VCAP_SERVICES properties for application "employee-app" changed: true#
#2026 06 14 18:48:31.885#Z#DEBUG#87cc2b18-6821-11f1-aca3-eeee0a82a9ce.OPERATION#flowable-async-job-executor-thread-3522#
Step "Determine vcap services properties changed" finished#
#2026 06 14 18:48:31.889#Z#DEBUG#87cc2b18-6821-11f1-aca3-eeee0a82a9ce.OPERATION#flowable-async-job-executor-thread-3519#
[DetermineVcapServicesPropertiesChangedStep] Executing task "determineVcapServicesPropertiesChangedTask" of process "a3ea3288-6821-11f1-a120-eeee0a872bf9"...#
#2026 06 14 18:48:31.891#Z#DEBUG#87cc2b18-6821-11f1-aca3-eeee0a82a9ce.OPERATION#flowable-async-job-executor-thread-3519#
[DetermineVcapServicesPropertiesChangedStep] VCAP_SERVICES properties for application "employee-app-srv" changed: true#
#2026 06 14 18:48:31.891#Z#DEBUG#87cc2b18-6821-11f1-aca3-eeee0a82a9ce.OPERATION#flowable-async-job-executor-thread-3519#
Step "Determine vcap services properties changed" finished#
#2026 06 14 18:48:31.914#Z#DEBUG#87cc2b18-6821-11f1-aca3-eeee0a82a9ce.OPERATION#flowable-async-job-executor-thread-3522#
[UploadAppStep] Executing task "uploadAppTask" of process "a3e8abe4-6821-11f1-a120-eeee0a872bf9"...#
#2026 06 14 18:48:31.915#Z#DEBUG#87cc2b18-6821-11f1-aca3-eeee0a82a9ce.OPERATION#flowable-async-job-executor-thread-3522#
[UploadAppStep] Application upload timeout is default one: 3,600 seconds#
#2026 06 14 18:48:31.915#Z#INFO#87cc2b18-6821-11f1-aca3-eeee0a82a9ce.OPERATION#flowable-async-job-executor-thread-3522#
[UploadAppStep] Uploading application "employee-app"...#
#2026 06 14 18:48:31.916#Z#DEBUG#87cc2b18-6821-11f1-aca3-eeee0a82a9ce.OPERATION#flowable-async-job-executor-thread-3519#
[UploadAppStep] Executing task "uploadAppTask" of process "a3ea3288-6821-11f1-a120-eeee0a872bf9"...#
#2026 06 14 18:48:31.917#Z#DEBUG#87cc2b18-6821-11f1-aca3-eeee0a82a9ce.OPERATION#flowable-async-job-executor-thread-3519#
[UploadAppStep] Application upload timeout is default one: 3,600 seconds#
#2026 06 14 18:48:31.917#Z#INFO#87cc2b18-6821-11f1-aca3-eeee0a82a9ce.OPERATION#flowable-async-job-executor-thread-3519#
[UploadAppStep] Uploading application "employee-app-srv"...#
#2026 06 14 18:48:31.921#Z#DEBUG#87cc2b18-6821-11f1-aca3-eeee0a82a9ce.OPERATION#flowable-async-job-executor-thread-3522#
[UploadAppStep] Getting application "employee-app"...#
#2026 06 14 18:48:31.923#Z#DEBUG#87cc2b18-6821-11f1-aca3-eeee0a82a9ce.OPERATION#flowable-async-job-executor-thread-3519#
[UploadAppStep] Getting application "employee-app-srv"...#
#2026 06 14 18:48:31.961#Z#DEBUG#87cc2b18-6821-11f1-aca3-eeee0a82a9ce.OPERATION#flowable-async-job-executor-thread-3519#
[UploadAppStep] Getting environment of application "d82c773d-11e1-4a8b-885d-ff9df84e4d28"...#
#2026 06 14 18:48:31.966#Z#DEBUG#87cc2b18-6821-11f1-aca3-eeee0a82a9ce.OPERATION#flowable-async-job-executor-thread-3522#
[UploadAppStep] Getting environment of application "0b1e15a9-bc40-43ca-92bd-d7bdb41c0718"...#
#2026 06 14 18:48:31.998#Z#INFO#87cc2b18-6821-11f1-aca3-eeee0a82a9ce.OPERATION#flowable-async-job-executor-thread-3519#
[UploadAppStep] Calculating application digest: "employee-app-srv"#
#2026 06 14 18:48:32.002#Z#INFO#87cc2b18-6821-11f1-aca3-eeee0a82a9ce.OPERATION#flowable-async-job-executor-thread-3522#
[UploadAppStep] Calculating application digest: "employee-app"#
#2026 06 14 18:48:32.089#Z#DEBUG#87cc2b18-6821-11f1-aca3-eeee0a82a9ce.OPERATION#flowable-async-job-executor-thread-3522#
Step "Upload App" finished#
#2026 06 14 18:48:32.195#Z#DEBUG#87cc2b18-6821-11f1-aca3-eeee0a82a9ce.OPERATION#flowable-async-job-executor-thread-3519#
Step "Upload App" finished#
#2026 06 14 18:48:41.687#Z#DEBUG#87cc2b18-6821-11f1-aca3-eeee0a82a9ce.OPERATION#flowable-async-job-executor-thread-3518#
[StageAppStep] Executing task "stageAppTask" of process "92dca89b-6821-11f1-a120-eeee0a872bf9"...#
#2026 06 14 18:48:41.688#Z#DEBUG#87cc2b18-6821-11f1-aca3-eeee0a82a9ce.OPERATION#flowable-async-job-executor-thread-3518#
[StageAppStep] Application stage timeout is default one: 3,600 seconds#
#2026 06 14 18:48:41.689#Z#DEBUG#87cc2b18-6821-11f1-aca3-eeee0a82a9ce.OPERATION#flowable-async-job-executor-thread-3518#
[StageAppStep] Checking status of application "employee-app-db-deployer"...#
#2026 06 14 18:48:41.689#Z#DEBUG#87cc2b18-6821-11f1-aca3-eeee0a82a9ce.OPERATION#flowable-async-job-executor-thread-3518#
[StageAppStep] Getting build "eca09612-0097-4852-b9aa-1e6f63e15b4d"...#
#2026 06 14 18:48:41.730#Z#DEBUG#87cc2b18-6821-11f1-aca3-eeee0a82a9ce.OPERATION#flowable-async-job-executor-thread-3518#
[StageAppStep] Staging status of application "employee-app-db-deployer": PENDING#
#2026 06 14 18:48:41.733#Z#DEBUG#87cc2b18-6821-11f1-aca3-eeee0a82a9ce.OPERATION#flowable-async-job-executor-thread-3518#
[StageAppStep] Getting application guid "employee-app-db-deployer"...#
#2026 06 14 18:48:41.837#Z#DEBUG#87cc2b18-6821-11f1-aca3-eeee0a82a9ce.OPERATION#flowable-async-job-executor-thread-3518#
Step "Stage App" finished#
#2026 06 14 18:48:41.686#Z#DEBUG#87cc2b18-6821-11f1-aca3-eeee0a82a9ce.OPERATION#flowable-async-job-executor-thread-3527#
[UploadAppStep] Executing task "uploadAppTask" of process "a3e8abe4-6821-11f1-a120-eeee0a872bf9"...#
#2026 06 14 18:48:41.687#Z#DEBUG#87cc2b18-6821-11f1-aca3-eeee0a82a9ce.OPERATION#flowable-async-job-executor-thread-3527#
[UploadAppStep] Application upload timeout is default one: 3,600 seconds#
#2026 06 14 18:48:41.689#Z#DEBUG#87cc2b18-6821-11f1-aca3-eeee0a82a9ce.OPERATION#pool-21-thread-3#
[UploadAppStep] Upload of application: employee-app started on instance: 0#
#2026 06 14 18:48:41.689#Z#DEBUG#87cc2b18-6821-11f1-aca3-eeee0a82a9ce.OPERATION#pool-21-thread-3#
[UploadAppStep] Uploading file "employee-app/data.zip" for application "employee-app"#
#2026 06 14 18:48:41.694#Z#DEBUG#87cc2b18-6821-11f1-aca3-eeee0a82a9ce.OPERATION#flowable-async-job-executor-thread-3520#
[UploadAppStep] Executing task "uploadAppTask" of process "a3ea3288-6821-11f1-a120-eeee0a872bf9"...#
#2026 06 14 18:48:41.696#Z#DEBUG#87cc2b18-6821-11f1-aca3-eeee0a82a9ce.OPERATION#flowable-async-job-executor-thread-3520#
[UploadAppStep] Application upload timeout is default one: 3,600 seconds#
#2026 06 14 18:48:41.698#Z#DEBUG#87cc2b18-6821-11f1-aca3-eeee0a82a9ce.OPERATION#pool-21-thread-5#
[UploadAppStep] Upload of application: employee-app-srv started on instance: 0#
#2026 06 14 18:48:41.698#Z#DEBUG#87cc2b18-6821-11f1-aca3-eeee0a82a9ce.OPERATION#pool-21-thread-5#
[UploadAppStep] Uploading file "employee-app-srv/data.zip" for application "employee-app-srv"#
#2026 06 14 18:48:41.778#Z#INFO#87cc2b18-6821-11f1-aca3-eeee0a82a9ce.OPERATION#pool-21-thread-3#
[UploadAppStep] Time elapsed for app binary download: 88 in millis#
#2026 06 14 18:48:41.778#Z#INFO#87cc2b18-6821-11f1-aca3-eeee0a82a9ce.OPERATION#pool-21-thread-3#
[UploadAppStep] Size of app employee-app is 18,318 bytes#
#2026 06 14 18:48:41.778#Z#DEBUG#87cc2b18-6821-11f1-aca3-eeee0a82a9ce.OPERATION#pool-21-thread-3#
[UploadAppStep] Asynchronously uploading binaries for application "employee-app"...#
#2026 06 14 18:48:41.912#Z#INFO#87cc2b18-6821-11f1-aca3-eeee0a82a9ce.OPERATION#pool-21-thread-5#
[UploadAppStep] Time elapsed for app binary download: 214 in millis#
#2026 06 14 18:48:41.912#Z#INFO#87cc2b18-6821-11f1-aca3-eeee0a82a9ce.OPERATION#pool-21-thread-5#
[UploadAppStep] Size of app employee-app-srv is 9,098,567 bytes#
#2026 06 14 18:48:41.912#Z#DEBUG#87cc2b18-6821-11f1-aca3-eeee0a82a9ce.OPERATION#pool-21-thread-5#
[UploadAppStep] Asynchronously uploading binaries for application "employee-app-srv"...#
#2026 06 14 18:48:41.983#Z#INFO#87cc2b18-6821-11f1-aca3-eeee0a82a9ce.OPERATION#pool-21-thread-3#
[UploadAppStep] Started async upload of application "employee-app"#
#2026 06 14 18:48:41.987#Z#INFO#87cc2b18-6821-11f1-aca3-eeee0a82a9ce.OPERATION#flowable-async-job-executor-thread-3527#
[UploadAppStep] Time elapsed for upload: 299 in millis#
#2026 06 14 18:48:41.988#Z#DEBUG#87cc2b18-6821-11f1-aca3-eeee0a82a9ce.OPERATION#flowable-async-job-executor-thread-3527#
[UploadAppStep] Getting application "employee-app"...#
#2026 06 14 18:48:42.009#Z#DEBUG#87cc2b18-6821-11f1-aca3-eeee0a82a9ce.OPERATION#App upload monitor: b0b8f917-8163-4637-9dbd-6bcfd9ae7773#
[UploadAppStep] Upload status: PROCESSING_UPLOAD#
#2026 06 14 18:48:42.036#Z#DEBUG#87cc2b18-6821-11f1-aca3-eeee0a82a9ce.OPERATION#flowable-async-job-executor-thread-3527#
[UploadAppStep] Getting environment of application "0b1e15a9-bc40-43ca-92bd-d7bdb41c0718"...#
#2026 06 14 18:48:42.078#Z#DEBUG#87cc2b18-6821-11f1-aca3-eeee0a82a9ce.OPERATION#flowable-async-job-executor-thread-3527#
[UploadAppStep] Updating environment of application "employee-app"#
#2026 06 14 18:48:42.188#Z#DEBUG#87cc2b18-6821-11f1-aca3-eeee0a82a9ce.OPERATION#flowable-async-job-executor-thread-3527#
Step "Upload App" finished#
#2026 06 14 18:48:42.204#Z#INFO#87cc2b18-6821-11f1-aca3-eeee0a82a9ce.OPERATION#pool-21-thread-5#
[UploadAppStep] Started async upload of application "employee-app-srv"#
#2026 06 14 18:48:42.210#Z#INFO#87cc2b18-6821-11f1-aca3-eeee0a82a9ce.OPERATION#flowable-async-job-executor-thread-3520#
[UploadAppStep] Time elapsed for upload: 514 in millis#
#2026 06 14 18:48:42.210#Z#DEBUG#87cc2b18-6821-11f1-aca3-eeee0a82a9ce.OPERATION#flowable-async-job-executor-thread-3520#
[UploadAppStep] Getting application "employee-app-srv"...#
#2026 06 14 18:48:42.234#Z#DEBUG#87cc2b18-6821-11f1-aca3-eeee0a82a9ce.OPERATION#App upload monitor: 9424dcda-e688-4b15-8ea1-5a6f446bd68d#
[UploadAppStep] Upload status: PROCESSING_UPLOAD#
#2026 06 14 18:48:42.252#Z#DEBUG#87cc2b18-6821-11f1-aca3-eeee0a82a9ce.OPERATION#flowable-async-job-executor-thread-3520#
[UploadAppStep] Getting environment of application "d82c773d-11e1-4a8b-885d-ff9df84e4d28"...#
#2026 06 14 18:48:42.291#Z#DEBUG#87cc2b18-6821-11f1-aca3-eeee0a82a9ce.OPERATION#flowable-async-job-executor-thread-3520#
[UploadAppStep] Updating environment of application "employee-app-srv"#
#2026 06 14 18:48:42.373#Z#DEBUG#87cc2b18-6821-11f1-aca3-eeee0a82a9ce.OPERATION#flowable-async-job-executor-thread-3520#
Step "Upload App" finished#
#2026 06 14 18:48:47.039#Z#DEBUG#87cc2b18-6821-11f1-aca3-eeee0a82a9ce.OPERATION#App upload monitor: b0b8f917-8163-4637-9dbd-6bcfd9ae7773#
[UploadAppStep] Upload status: READY#
#2026 06 14 18:48:47.264#Z#DEBUG#87cc2b18-6821-11f1-aca3-eeee0a82a9ce.OPERATION#App upload monitor: 9424dcda-e688-4b15-8ea1-5a6f446bd68d#
[UploadAppStep] Upload status: PROCESSING_UPLOAD#
#2026 06 14 18:48:52.155#Z#DEBUG#87cc2b18-6821-11f1-aca3-eeee0a82a9ce.OPERATION#flowable-async-job-executor-thread-3531#
[UploadAppStep] Executing task "uploadAppTask" of process "a3ea3288-6821-11f1-a120-eeee0a872bf9"...#
#2026 06 14 18:48:52.157#Z#DEBUG#87cc2b18-6821-11f1-aca3-eeee0a82a9ce.OPERATION#flowable-async-job-executor-thread-3531#
[UploadAppStep] Application upload timeout is default one: 3,600 seconds#
#2026 06 14 18:48:52.157#Z#DEBUG#87cc2b18-6821-11f1-aca3-eeee0a82a9ce.OPERATION#flowable-async-job-executor-thread-3531#
[UploadAppStep] Checking upload status of application "employee-app-srv"...#
#2026 06 14 18:48:52.159#Z#DEBUG#87cc2b18-6821-11f1-aca3-eeee0a82a9ce.OPERATION#flowable-async-job-executor-thread-3531#
[UploadAppStep] Getting package "9424dcda-e688-4b15-8ea1-5a6f446bd68d"...#
#2026 06 14 18:48:52.191#Z#DEBUG#87cc2b18-6821-11f1-aca3-eeee0a82a9ce.OPERATION#flowable-async-job-executor-thread-3533#
[UploadAppStep] Executing task "uploadAppTask" of process "a3e8abe4-6821-11f1-a120-eeee0a872bf9"...#
#2026 06 14 18:48:52.192#Z#DEBUG#87cc2b18-6821-11f1-aca3-eeee0a82a9ce.OPERATION#flowable-async-job-executor-thread-3531#
[UploadAppStep] Application "employee-app-srv" uploaded#
#2026 06 14 18:48:52.193#Z#DEBUG#87cc2b18-6821-11f1-aca3-eeee0a82a9ce.OPERATION#flowable-async-job-executor-thread-3533#
[UploadAppStep] Application upload timeout is default one: 3,600 seconds#
#2026 06 14 18:48:52.193#Z#DEBUG#87cc2b18-6821-11f1-aca3-eeee0a82a9ce.OPERATION#flowable-async-job-executor-thread-3533#
[UploadAppStep] Checking upload status of application "employee-app"...#
#2026 06 14 18:48:52.193#Z#DEBUG#87cc2b18-6821-11f1-aca3-eeee0a82a9ce.OPERATION#flowable-async-job-executor-thread-3531#
Step "Upload App" finished#
#2026 06 14 18:48:51.981#Z#DEBUG#87cc2b18-6821-11f1-aca3-eeee0a82a9ce.OPERATION#flowable-async-job-executor-thread-3532#
[StageAppStep] Executing task "stageAppTask" of process "92dca89b-6821-11f1-a120-eeee0a872bf9"...#
#2026 06 14 18:48:51.983#Z#DEBUG#87cc2b18-6821-11f1-aca3-eeee0a82a9ce.OPERATION#flowable-async-job-executor-thread-3532#
[StageAppStep] Application stage timeout is default one: 3,600 seconds#
#2026 06 14 18:48:51.984#Z#DEBUG#87cc2b18-6821-11f1-aca3-eeee0a82a9ce.OPERATION#flowable-async-job-executor-thread-3532#
[StageAppStep] Checking status of application "employee-app-db-deployer"...#
#2026 06 14 18:48:51.984#Z#DEBUG#87cc2b18-6821-11f1-aca3-eeee0a82a9ce.OPERATION#flowable-async-job-executor-thread-3532#
[StageAppStep] Getting build "eca09612-0097-4852-b9aa-1e6f63e15b4d"...#
#2026 06 14 18:48:52.017#Z#DEBUG#87cc2b18-6821-11f1-aca3-eeee0a82a9ce.OPERATION#flowable-async-job-executor-thread-3532#
[StageAppStep] Staging status of application "employee-app-db-deployer": STAGED#
#2026 06 14 18:48:52.020#Z#DEBUG#87cc2b18-6821-11f1-aca3-eeee0a82a9ce.OPERATION#flowable-async-job-executor-thread-3532#
[StageAppStep] Getting application guid "employee-app-db-deployer"...#
#2026 06 14 18:48:52.122#Z#DEBUG#87cc2b18-6821-11f1-aca3-eeee0a82a9ce.OPERATION#flowable-async-job-executor-thread-3532#
[StageAppStep] Getting build "eca09612-0097-4852-b9aa-1e6f63e15b4d"...#
#2026 06 14 18:48:52.155#Z#DEBUG#87cc2b18-6821-11f1-aca3-eeee0a82a9ce.OPERATION#flowable-async-job-executor-thread-3532#
[StageAppStep] Binding droplet "853a4986-4c60-4f60-8194-6831da09363c" to application "412db8b7-5bb5-4469-8657-4ee1b6831de5"...#
#2026 06 14 18:48:52.216#Z#INFO#87cc2b18-6821-11f1-aca3-eeee0a82a9ce.OPERATION#flowable-async-job-executor-thread-3532#
[StageAppStep] Application "employee-app-db-deployer" staged#
#2026 06 14 18:48:52.221#Z#DEBUG#87cc2b18-6821-11f1-aca3-eeee0a82a9ce.OPERATION#flowable-async-job-executor-thread-3532#
Step "Stage App" finished#
#2026 06 14 18:48:52.194#Z#DEBUG#87cc2b18-6821-11f1-aca3-eeee0a82a9ce.OPERATION#flowable-async-job-executor-thread-3533#
[UploadAppStep] Getting package "b0b8f917-8163-4637-9dbd-6bcfd9ae7773"...#
#2026 06 14 18:48:52.222#Z#DEBUG#87cc2b18-6821-11f1-aca3-eeee0a82a9ce.OPERATION#flowable-async-job-executor-thread-3533#
[UploadAppStep] Application "employee-app" uploaded#
#2026 06 14 18:48:52.223#Z#DEBUG#87cc2b18-6821-11f1-aca3-eeee0a82a9ce.OPERATION#flowable-async-job-executor-thread-3533#
Step "Upload App" finished#
#2026 06 14 18:48:52.293#Z#DEBUG#87cc2b18-6821-11f1-aca3-eeee0a82a9ce.OPERATION#App upload monitor: 9424dcda-e688-4b15-8ea1-5a6f446bd68d#
[UploadAppStep] Upload status: READY#
#2026 06 14 18:48:52.262#Z#DEBUG#87cc2b18-6821-11f1-aca3-eeee0a82a9ce.OPERATION#flowable-async-job-executor-thread-3532#
[ScaleAppStep] Executing task "scaleAppTask" of process "a3ea3288-6821-11f1-a120-eeee0a872bf9"...#
#2026 06 14 18:48:52.265#Z#DEBUG#87cc2b18-6821-11f1-aca3-eeee0a82a9ce.OPERATION#flowable-async-job-executor-thread-3532#
[ScaleAppStep] Scaling application "employee-app-srv"...#
#2026 06 14 18:48:52.265#Z#DEBUG#87cc2b18-6821-11f1-aca3-eeee0a82a9ce.OPERATION#flowable-async-job-executor-thread-3532#
[ScaleAppStep] Getting application guid "employee-app-srv"...#
#2026 06 14 18:48:52.305#Z#DEBUG#87cc2b18-6821-11f1-aca3-eeee0a82a9ce.OPERATION#flowable-async-job-executor-thread-3532#
[ScaleAppStep] Getting process for application "d82c773d-11e1-4a8b-885d-ff9df84e4d28"...#
#2026 06 14 18:48:52.335#Z#DEBUG#87cc2b18-6821-11f1-aca3-eeee0a82a9ce.OPERATION#flowable-async-job-executor-thread-3532#
[ScaleAppStep] Application "employee-app-srv" scaled#
#2026 06 14 18:48:52.335#Z#DEBUG#87cc2b18-6821-11f1-aca3-eeee0a82a9ce.OPERATION#flowable-async-job-executor-thread-3532#
Step "Scale App" finished#
#2026 06 14 18:48:52.430#Z#DEBUG#87cc2b18-6821-11f1-aca3-eeee0a82a9ce.OPERATION#flowable-async-job-executor-thread-3535#
[PrepareToExecuteTasksStep] Executing task "prepareToExecuteTasksTask" of process "b027e521-6821-11f1-a120-eeee0a872bf9"...#
#2026 06 14 18:48:52.432#Z#DEBUG#87cc2b18-6821-11f1-aca3-eeee0a82a9ce.OPERATION#flowable-async-job-executor-thread-3535#
Step "Prepare To Execute Tasks" finished#
#2026 06 14 18:48:52.370#Z#DEBUG#87cc2b18-6821-11f1-aca3-eeee0a82a9ce.OPERATION#flowable-async-job-executor-thread-3532#
[ScaleAppStep] Executing task "scaleAppTask" of process "a3e8abe4-6821-11f1-a120-eeee0a872bf9"...#
#2026 06 14 18:48:52.373#Z#DEBUG#87cc2b18-6821-11f1-aca3-eeee0a82a9ce.OPERATION#flowable-async-job-executor-thread-3532#
[ScaleAppStep] Scaling application "employee-app"...#
#2026 06 14 18:48:52.373#Z#DEBUG#87cc2b18-6821-11f1-aca3-eeee0a82a9ce.OPERATION#flowable-async-job-executor-thread-3532#
[ScaleAppStep] Getting application guid "employee-app"...#
#2026 06 14 18:48:52.418#Z#DEBUG#87cc2b18-6821-11f1-aca3-eeee0a82a9ce.OPERATION#flowable-async-job-executor-thread-3532#
[ScaleAppStep] Getting process for application "0b1e15a9-bc40-43ca-92bd-d7bdb41c0718"...#
#2026 06 14 18:48:52.455#Z#DEBUG#87cc2b18-6821-11f1-aca3-eeee0a82a9ce.OPERATION#flowable-async-job-executor-thread-3532#
[ScaleAppStep] Application "employee-app" scaled#
#2026 06 14 18:48:52.455#Z#DEBUG#87cc2b18-6821-11f1-aca3-eeee0a82a9ce.OPERATION#flowable-async-job-executor-thread-3532#
Step "Scale App" finished#
#2026 06 14 18:48:52.417#Z#DEBUG#87cc2b18-6821-11f1-aca3-eeee0a82a9ce.OPERATION#flowable-async-job-executor-thread-3534#
[DetermineDesiredStateAchievingActionsStep] Executing task "determineDesiredStateAchievingActionsTask" of process "a3ea3288-6821-11f1-a120-eeee0a872bf9"...#
#2026 06 14 18:48:52.420#Z#DEBUG#87cc2b18-6821-11f1-aca3-eeee0a82a9ce.OPERATION#flowable-async-job-executor-thread-3534#
[DetermineDesiredStateAchievingActionsStep] Getting application "employee-app-srv"...#
#2026 06 14 18:48:52.462#Z#DEBUG#87cc2b18-6821-11f1-aca3-eeee0a82a9ce.OPERATION#flowable-async-job-executor-thread-3534#
[DetermineDesiredStateAchievingActionsStep] Getting instances for application "employee-app-srv"...#
#2026 06 14 18:48:52.487#Z#DEBUG#87cc2b18-6821-11f1-aca3-eeee0a82a9ce.OPERATION#flowable-async-job-executor-thread-3532#
[DetermineDesiredStateAchievingActionsStep] Executing task "determineDesiredStateAchievingActionsTask" of process "a3e8abe4-6821-11f1-a120-eeee0a872bf9"...#
#2026 06 14 18:48:52.489#Z#DEBUG#87cc2b18-6821-11f1-aca3-eeee0a82a9ce.OPERATION#flowable-async-job-executor-thread-3532#
[DetermineDesiredStateAchievingActionsStep] Getting application "employee-app"...#
#2026 06 14 18:48:52.520#Z#DEBUG#87cc2b18-6821-11f1-aca3-eeee0a82a9ce.OPERATION#flowable-async-job-executor-thread-3534#
[DetermineDesiredStateAchievingActionsStep] Getting environment of application "d82c773d-11e1-4a8b-885d-ff9df84e4d28"...#
#2026 06 14 18:48:52.532#Z#DEBUG#87cc2b18-6821-11f1-aca3-eeee0a82a9ce.OPERATION#flowable-async-job-executor-thread-3532#
[DetermineDesiredStateAchievingActionsStep] Getting instances for application "employee-app"...#
#2026 06 14 18:48:52.557#Z#DEBUG#87cc2b18-6821-11f1-aca3-eeee0a82a9ce.OPERATION#flowable-async-job-executor-thread-3534#
[DetermineDesiredStateAchievingActionsStep] Current state of application employee-app-srv: STARTED#
#2026 06 14 18:48:52.557#Z#DEBUG#87cc2b18-6821-11f1-aca3-eeee0a82a9ce.OPERATION#flowable-async-job-executor-thread-3534#
[DetermineDesiredStateAchievingActionsStep] Desired state of application employee-app-srv: STARTED#
#2026 06 14 18:48:52.557#Z#DEBUG#87cc2b18-6821-11f1-aca3-eeee0a82a9ce.OPERATION#flowable-async-job-executor-thread-3534#
[DetermineDesiredStateAchievingActionsStep] Actions that should be executed on application employee-app-srv: [STOP, STAGE, START]#
#2026 06 14 18:48:52.557#Z#DEBUG#87cc2b18-6821-11f1-aca3-eeee0a82a9ce.OPERATION#flowable-async-job-executor-thread-3534#
Step "Determine Desired State Achieving Actions" finished#
#2026 06 14 18:48:52.596#Z#DEBUG#87cc2b18-6821-11f1-aca3-eeee0a82a9ce.OPERATION#flowable-async-job-executor-thread-3532#
[DetermineDesiredStateAchievingActionsStep] Getting environment of application "0b1e15a9-bc40-43ca-92bd-d7bdb41c0718"...#
#2026 06 14 18:48:52.631#Z#DEBUG#87cc2b18-6821-11f1-aca3-eeee0a82a9ce.OPERATION#flowable-async-job-executor-thread-3532#
[DetermineDesiredStateAchievingActionsStep] Current state of application employee-app: STARTED#
#2026 06 14 18:48:52.631#Z#DEBUG#87cc2b18-6821-11f1-aca3-eeee0a82a9ce.OPERATION#flowable-async-job-executor-thread-3532#
[DetermineDesiredStateAchievingActionsStep] Desired state of application employee-app: STARTED#
#2026 06 14 18:48:52.631#Z#DEBUG#87cc2b18-6821-11f1-aca3-eeee0a82a9ce.OPERATION#flowable-async-job-executor-thread-3532#
[DetermineDesiredStateAchievingActionsStep] Actions that should be executed on application employee-app: [STOP, STAGE, START]#
#2026 06 14 18:48:52.631#Z#DEBUG#87cc2b18-6821-11f1-aca3-eeee0a82a9ce.OPERATION#flowable-async-job-executor-thread-3532#
Step "Determine Desired State Achieving Actions" finished#
#2026 06 14 18:48:52.464#Z#DEBUG#87cc2b18-6821-11f1-aca3-eeee0a82a9ce.OPERATION#flowable-async-job-executor-thread-3533#
[ExecuteTaskStep] Executing task "executeTaskTask" of process "b027e521-6821-11f1-a120-eeee0a872bf9"...#
#2026 06 14 18:48:52.465#Z#DEBUG#87cc2b18-6821-11f1-aca3-eeee0a82a9ce.OPERATION#flowable-async-job-executor-thread-3533#
[ExecuteTaskStep] Application task execution timeout is default one: 43,200 seconds#
#2026 06 14 18:48:52.467#Z#INFO#87cc2b18-6821-11f1-aca3-eeee0a82a9ce.OPERATION#flowable-async-job-executor-thread-3533#
[ExecuteTaskStep] Executing task "deploy" on application "employee-app-db-deployer"...#
#2026 06 14 18:48:52.473#Z#DEBUG#87cc2b18-6821-11f1-aca3-eeee0a82a9ce.OPERATION#flowable-async-job-executor-thread-3533#
[ExecuteTaskStep] Running task on application "employee-app-db-deployer": {
  "name" : "deploy",
  "command" : "npm start",
  "limits" : {
    "memory" : 256
  }
}#
#2026 06 14 18:48:52.760#Z#DEBUG#87cc2b18-6821-11f1-aca3-eeee0a82a9ce.OPERATION#flowable-async-job-executor-thread-3533#
Step "Execute Task" finished#
#2026 06 14 18:48:52.589#Z#DEBUG#87cc2b18-6821-11f1-aca3-eeee0a82a9ce.OPERATION#flowable-async-job-executor-thread-3534#
[StopAppStep] Executing task "stopAppTask" of process "a3ea3288-6821-11f1-a120-eeee0a872bf9"...#
#2026 06 14 18:48:52.591#Z#INFO#87cc2b18-6821-11f1-aca3-eeee0a82a9ce.OPERATION#flowable-async-job-executor-thread-3534#
[StopAppStep] Stopping application "employee-app-srv"...#
#2026 06 14 18:48:52.596#Z#DEBUG#87cc2b18-6821-11f1-aca3-eeee0a82a9ce.OPERATION#flowable-async-job-executor-thread-3534#
[StopAppStep] Stopping application "employee-app-srv"...#
#2026 06 14 18:48:52.662#Z#DEBUG#87cc2b18-6821-11f1-aca3-eeee0a82a9ce.OPERATION#flowable-async-job-executor-thread-3532#
[StopAppStep] Executing task "stopAppTask" of process "a3e8abe4-6821-11f1-a120-eeee0a872bf9"...#
#2026 06 14 18:48:52.665#Z#INFO#87cc2b18-6821-11f1-aca3-eeee0a82a9ce.OPERATION#flowable-async-job-executor-thread-3532#
[StopAppStep] Stopping application "employee-app"...#
#2026 06 14 18:48:52.669#Z#DEBUG#87cc2b18-6821-11f1-aca3-eeee0a82a9ce.OPERATION#flowable-async-job-executor-thread-3532#
[StopAppStep] Stopping application "employee-app"...#
#2026 06 14 18:48:52.731#Z#DEBUG#87cc2b18-6821-11f1-aca3-eeee0a82a9ce.OPERATION#flowable-async-job-executor-thread-3534#
[StopAppStep] Application "employee-app-srv" stopped#
#2026 06 14 18:48:52.731#Z#DEBUG#87cc2b18-6821-11f1-aca3-eeee0a82a9ce.OPERATION#flowable-async-job-executor-thread-3534#
[StopAppStep] Getting environment of application "d82c773d-11e1-4a8b-885d-ff9df84e4d28"...#
#2026 06 14 18:48:52.761#Z#DEBUG#87cc2b18-6821-11f1-aca3-eeee0a82a9ce.OPERATION#flowable-async-job-executor-thread-3534#
Step "Stop App" finished#
#2026 06 14 18:48:52.818#Z#DEBUG#87cc2b18-6821-11f1-aca3-eeee0a82a9ce.OPERATION#flowable-async-job-executor-thread-3532#
[StopAppStep] Application "employee-app" stopped#
#2026 06 14 18:48:52.818#Z#DEBUG#87cc2b18-6821-11f1-aca3-eeee0a82a9ce.OPERATION#flowable-async-job-executor-thread-3532#
[StopAppStep] Getting environment of application "0b1e15a9-bc40-43ca-92bd-d7bdb41c0718"...#
#2026 06 14 18:48:52.867#Z#DEBUG#87cc2b18-6821-11f1-aca3-eeee0a82a9ce.OPERATION#flowable-async-job-executor-thread-3532#
Step "Stop App" finished#
#2026 06 14 18:48:52.868#Z#DEBUG#87cc2b18-6821-11f1-aca3-eeee0a82a9ce.OPERATION#flowable-async-job-executor-thread-3534#
[StageAppStep] Executing task "stageAppTask" of process "b06340e8-6821-11f1-a120-eeee0a872bf9"...#
#2026 06 14 18:48:52.874#Z#DEBUG#87cc2b18-6821-11f1-aca3-eeee0a82a9ce.OPERATION#flowable-async-job-executor-thread-3534#
[StageAppStep] Application stage timeout is default one: 3,600 seconds#
#2026 06 14 18:48:52.878#Z#INFO#87cc2b18-6821-11f1-aca3-eeee0a82a9ce.OPERATION#flowable-async-job-executor-thread-3534#
[StageAppStep] Staging application "employee-app-srv"...#
#2026 06 14 18:48:52.883#Z#DEBUG#87cc2b18-6821-11f1-aca3-eeee0a82a9ce.OPERATION#flowable-async-job-executor-thread-3534#
[StageAppStep] Creating build for package "9424dcda-e688-4b15-8ea1-5a6f446bd68d"...#
#2026 06 14 18:48:52.915#Z#DEBUG#87cc2b18-6821-11f1-aca3-eeee0a82a9ce.OPERATION#flowable-async-job-executor-thread-3532#
[StageAppStep] Executing task "stageAppTask" of process "b07394a8-6821-11f1-a120-eeee0a872bf9"...#
#2026 06 14 18:48:52.916#Z#DEBUG#87cc2b18-6821-11f1-aca3-eeee0a82a9ce.OPERATION#flowable-async-job-executor-thread-3532#
[StageAppStep] Application stage timeout is default one: 3,600 seconds#
#2026 06 14 18:48:52.917#Z#INFO#87cc2b18-6821-11f1-aca3-eeee0a82a9ce.OPERATION#flowable-async-job-executor-thread-3532#
[StageAppStep] Staging application "employee-app"...#
#2026 06 14 18:48:52.921#Z#DEBUG#87cc2b18-6821-11f1-aca3-eeee0a82a9ce.OPERATION#flowable-async-job-executor-thread-3532#
[StageAppStep] Creating build for package "b0b8f917-8163-4637-9dbd-6bcfd9ae7773"...#
#2026 06 14 18:48:53.381#Z#DEBUG#87cc2b18-6821-11f1-aca3-eeee0a82a9ce.OPERATION#flowable-async-job-executor-thread-3534#
Step "Stage App" finished#
#2026 06 14 18:48:54.250#Z#DEBUG#87cc2b18-6821-11f1-aca3-eeee0a82a9ce.OPERATION#flowable-async-job-executor-thread-3532#
Step "Stage App" finished#
#2026 06 14 18:49:01.953#Z#DEBUG#87cc2b18-6821-11f1-aca3-eeee0a82a9ce.OPERATION#flowable-async-job-executor-thread-1285#
[StageAppStep] Executing task "stageAppTask" of process "b06340e8-6821-11f1-a120-eeee0a872bf9"...#
#2026 06 14 18:49:01.955#Z#DEBUG#87cc2b18-6821-11f1-aca3-eeee0a82a9ce.OPERATION#flowable-async-job-executor-thread-1285#
[StageAppStep] Application stage timeout is default one: 3,600 seconds#
#2026 06 14 18:49:01.956#Z#DEBUG#87cc2b18-6821-11f1-aca3-eeee0a82a9ce.OPERATION#flowable-async-job-executor-thread-1285#
[StageAppStep] Checking status of application "employee-app-srv"...#
#2026 06 14 18:49:01.956#Z#DEBUG#87cc2b18-6821-11f1-aca3-eeee0a82a9ce.OPERATION#flowable-async-job-executor-thread-1285#
[StageAppStep] Getting build "93557619-a5bd-4da0-9a7a-9031ee3bb960"...#
#2026 06 14 18:49:01.986#Z#DEBUG#87cc2b18-6821-11f1-aca3-eeee0a82a9ce.OPERATION#flowable-async-job-executor-thread-1285#
[StageAppStep] Staging status of application "employee-app-srv": PENDING#
#2026 06 14 18:49:01.987#Z#DEBUG#87cc2b18-6821-11f1-aca3-eeee0a82a9ce.OPERATION#flowable-async-job-executor-thread-1285#
[StageAppStep] Getting application guid "employee-app-srv"...#
#2026 06 14 18:49:02.115#Z#DEBUG#87cc2b18-6821-11f1-aca3-eeee0a82a9ce.OPERATION#flowable-async-job-executor-thread-1285#
Step "Stage App" finished#
#2026 06 14 18:49:01.989#Z#DEBUG#87cc2b18-6821-11f1-aca3-eeee0a82a9ce.OPERATION#flowable-async-job-executor-thread-3537#
[StageAppStep] Executing task "stageAppTask" of process "b07394a8-6821-11f1-a120-eeee0a872bf9"...#
#2026 06 14 18:49:01.990#Z#DEBUG#87cc2b18-6821-11f1-aca3-eeee0a82a9ce.OPERATION#flowable-async-job-executor-thread-3537#
[StageAppStep] Application stage timeout is default one: 3,600 seconds#
#2026 06 14 18:49:01.990#Z#DEBUG#87cc2b18-6821-11f1-aca3-eeee0a82a9ce.OPERATION#flowable-async-job-executor-thread-3537#
[StageAppStep] Checking status of application "employee-app"...#
#2026 06 14 18:49:01.990#Z#DEBUG#87cc2b18-6821-11f1-aca3-eeee0a82a9ce.OPERATION#flowable-async-job-executor-thread-3537#
[StageAppStep] Getting build "b2b2eec5-96fa-46d5-9184-f93d6044782b"...#
#2026 06 14 18:49:02.022#Z#DEBUG#87cc2b18-6821-11f1-aca3-eeee0a82a9ce.OPERATION#flowable-async-job-executor-thread-3537#
[StageAppStep] Staging status of application "employee-app": PENDING#
#2026 06 14 18:49:02.024#Z#DEBUG#87cc2b18-6821-11f1-aca3-eeee0a82a9ce.OPERATION#flowable-async-job-executor-thread-3537#
[StageAppStep] Getting application guid "employee-app"...#
#2026 06 14 18:49:02.130#Z#DEBUG#87cc2b18-6821-11f1-aca3-eeee0a82a9ce.OPERATION#flowable-async-job-executor-thread-3537#
Step "Stage App" finished#
#2026 06 14 18:49:02.105#Z#DEBUG#87cc2b18-6821-11f1-aca3-eeee0a82a9ce.OPERATION#flowable-async-job-executor-thread-3539#
[ExecuteTaskStep] Executing task "executeTaskTask" of process "b027e521-6821-11f1-a120-eeee0a872bf9"...#
#2026 06 14 18:49:02.106#Z#DEBUG#87cc2b18-6821-11f1-aca3-eeee0a82a9ce.OPERATION#flowable-async-job-executor-thread-3539#
[ExecuteTaskStep] Application task execution timeout is default one: 43,200 seconds#
#2026 06 14 18:49:02.107#Z#DEBUG#87cc2b18-6821-11f1-aca3-eeee0a82a9ce.OPERATION#flowable-async-job-executor-thread-3539#
[ExecuteTaskStep] Getting task "e2adb49b-ac0a-4885-80c5-35ede6e39fad"...#
#2026 06 14 18:49:02.147#Z#DEBUG#87cc2b18-6821-11f1-aca3-eeee0a82a9ce.OPERATION#flowable-async-job-executor-thread-3539#
[ExecuteTaskStep] Task execution status: succeeded#
#2026 06 14 18:49:02.148#Z#DEBUG#87cc2b18-6821-11f1-aca3-eeee0a82a9ce.OPERATION#flowable-async-job-executor-thread-3539#
[ExecuteTaskStep] Getting application guid "employee-app-db-deployer"...#
#2026 06 14 18:49:02.260#Z#DEBUG#87cc2b18-6821-11f1-aca3-eeee0a82a9ce.OPERATION#flowable-async-job-executor-thread-3539#
Step "Execute Task" finished#
#2026 06 14 18:49:02.349#Z#DEBUG#87cc2b18-6821-11f1-aca3-eeee0a82a9ce.OPERATION#flowable-async-job-executor-thread-3539#
[IncrementIndexStep] Executing task "incrementTaskIndexTask" of process "b027e521-6821-11f1-a120-eeee0a872bf9"...#
#2026 06 14 18:49:02.351#Z#DEBUG#87cc2b18-6821-11f1-aca3-eeee0a82a9ce.OPERATION#flowable-async-job-executor-thread-3539#
Step "Increment Task Index" finished#
#2026 06 14 18:49:02.420#Z#DEBUG#87cc2b18-6821-11f1-aca3-eeee0a82a9ce.OPERATION#flowable-async-job-executor-thread-3539#
[PublishConfigurationEntriesStep] Executing task "publishProvidedDependenciesTask" of process "92dca89b-6821-11f1-a120-eeee0a872bf9"...#
#2026 06 14 18:49:02.421#Z#DEBUG#87cc2b18-6821-11f1-aca3-eeee0a82a9ce.OPERATION#flowable-async-job-executor-thread-3539#
[PublishConfigurationEntriesStep] Publishing public provided dependencies for application "employee-app-db-deployer"...#
#2026 06 14 18:49:02.422#Z#DEBUG#87cc2b18-6821-11f1-aca3-eeee0a82a9ce.OPERATION#flowable-async-job-executor-thread-3539#
[PublishConfigurationEntriesStep] No public provided dependencies for publishing#
#2026 06 14 18:49:02.422#Z#DEBUG#87cc2b18-6821-11f1-aca3-eeee0a82a9ce.OPERATION#flowable-async-job-executor-thread-3539#
Step "Publish Provided Dependencies" finished#
#2026 06 14 18:49:02.457#Z#DEBUG#87cc2b18-6821-11f1-aca3-eeee0a82a9ce.OPERATION#flowable-async-job-executor-thread-3539#
[CreateOrUpdateServiceBrokerStep] Executing task "createOrUpdateServiceBrokerTask" of process "92dca89b-6821-11f1-a120-eeee0a872bf9"...#
#2026 06 14 18:49:02.459#Z#DEBUG#87cc2b18-6821-11f1-aca3-eeee0a82a9ce.OPERATION#flowable-async-job-executor-thread-3539#
[CreateOrUpdateServiceBrokerStep] Creating service brokers...#
#2026 06 14 18:49:02.460#Z#DEBUG#87cc2b18-6821-11f1-aca3-eeee0a82a9ce.OPERATION#flowable-async-job-executor-thread-3539#
Step "Create Or Update Service Broker " finished#
#2026 06 14 18:49:12.057#Z#DEBUG#87cc2b18-6821-11f1-aca3-eeee0a82a9ce.OPERATION#flowable-async-job-executor-thread-3550#
[StageAppStep] Executing task "stageAppTask" of process "b06340e8-6821-11f1-a120-eeee0a872bf9"...#
#2026 06 14 18:49:12.058#Z#DEBUG#87cc2b18-6821-11f1-aca3-eeee0a82a9ce.OPERATION#flowable-async-job-executor-thread-3550#
[StageAppStep] Application stage timeout is default one: 3,600 seconds#
#2026 06 14 18:49:12.059#Z#DEBUG#87cc2b18-6821-11f1-aca3-eeee0a82a9ce.OPERATION#flowable-async-job-executor-thread-3550#
[StageAppStep] Checking status of application "employee-app-srv"...#
#2026 06 14 18:49:12.059#Z#DEBUG#87cc2b18-6821-11f1-aca3-eeee0a82a9ce.OPERATION#flowable-async-job-executor-thread-3550#
[StageAppStep] Getting build "93557619-a5bd-4da0-9a7a-9031ee3bb960"...#
#2026 06 14 18:49:12.090#Z#DEBUG#87cc2b18-6821-11f1-aca3-eeee0a82a9ce.OPERATION#flowable-async-job-executor-thread-3550#
[StageAppStep] Staging status of application "employee-app-srv": PENDING#
#2026 06 14 18:49:12.092#Z#DEBUG#87cc2b18-6821-11f1-aca3-eeee0a82a9ce.OPERATION#flowable-async-job-executor-thread-3550#
[StageAppStep] Getting application guid "employee-app-srv"...#
#2026 06 14 18:49:12.165#Z#DEBUG#87cc2b18-6821-11f1-aca3-eeee0a82a9ce.OPERATION#flowable-async-job-executor-thread-3550#
Step "Stage App" finished#
#2026 06 14 18:49:12.053#Z#DEBUG#87cc2b18-6821-11f1-aca3-eeee0a82a9ce.OPERATION#flowable-async-job-executor-thread-1265#
[StageAppStep] Executing task "stageAppTask" of process "b07394a8-6821-11f1-a120-eeee0a872bf9"...#
#2026 06 14 18:49:12.054#Z#DEBUG#87cc2b18-6821-11f1-aca3-eeee0a82a9ce.OPERATION#flowable-async-job-executor-thread-1265#
[StageAppStep] Application stage timeout is default one: 3,600 seconds#
#2026 06 14 18:49:12.056#Z#DEBUG#87cc2b18-6821-11f1-aca3-eeee0a82a9ce.OPERATION#flowable-async-job-executor-thread-1265#
[StageAppStep] Checking status of application "employee-app"...#
#2026 06 14 18:49:12.056#Z#DEBUG#87cc2b18-6821-11f1-aca3-eeee0a82a9ce.OPERATION#flowable-async-job-executor-thread-1265#
[StageAppStep] Getting build "b2b2eec5-96fa-46d5-9184-f93d6044782b"...#
#2026 06 14 18:49:12.103#Z#DEBUG#87cc2b18-6821-11f1-aca3-eeee0a82a9ce.OPERATION#flowable-async-job-executor-thread-1265#
[StageAppStep] Staging status of application "employee-app": PENDING#
#2026 06 14 18:49:12.104#Z#DEBUG#87cc2b18-6821-11f1-aca3-eeee0a82a9ce.OPERATION#flowable-async-job-executor-thread-1265#
[StageAppStep] Getting application guid "employee-app"...#
#2026 06 14 18:49:12.230#Z#DEBUG#87cc2b18-6821-11f1-aca3-eeee0a82a9ce.OPERATION#flowable-async-job-executor-thread-1265#
Step "Stage App" finished#
#2026 06 14 18:49:22.137#Z#DEBUG#87cc2b18-6821-11f1-aca3-eeee0a82a9ce.OPERATION#flowable-async-job-executor-thread-1267#
[StageAppStep] Executing task "stageAppTask" of process "b07394a8-6821-11f1-a120-eeee0a872bf9"...#
#2026 06 14 18:49:22.139#Z#DEBUG#87cc2b18-6821-11f1-aca3-eeee0a82a9ce.OPERATION#flowable-async-job-executor-thread-1267#
[StageAppStep] Application stage timeout is default one: 3,600 seconds#
#2026 06 14 18:49:22.140#Z#DEBUG#87cc2b18-6821-11f1-aca3-eeee0a82a9ce.OPERATION#flowable-async-job-executor-thread-1267#
[StageAppStep] Checking status of application "employee-app"...#
#2026 06 14 18:49:22.140#Z#DEBUG#87cc2b18-6821-11f1-aca3-eeee0a82a9ce.OPERATION#flowable-async-job-executor-thread-1267#
[StageAppStep] Getting build "b2b2eec5-96fa-46d5-9184-f93d6044782b"...#
#2026 06 14 18:49:22.172#Z#DEBUG#87cc2b18-6821-11f1-aca3-eeee0a82a9ce.OPERATION#flowable-async-job-executor-thread-1269#
[StageAppStep] Executing task "stageAppTask" of process "b06340e8-6821-11f1-a120-eeee0a872bf9"...#
#2026 06 14 18:49:22.173#Z#DEBUG#87cc2b18-6821-11f1-aca3-eeee0a82a9ce.OPERATION#flowable-async-job-executor-thread-1269#
[StageAppStep] Application stage timeout is default one: 3,600 seconds#
#2026 06 14 18:49:22.174#Z#DEBUG#87cc2b18-6821-11f1-aca3-eeee0a82a9ce.OPERATION#flowable-async-job-executor-thread-1269#
[StageAppStep] Checking status of application "employee-app-srv"...#
#2026 06 14 18:49:22.174#Z#DEBUG#87cc2b18-6821-11f1-aca3-eeee0a82a9ce.OPERATION#flowable-async-job-executor-thread-1269#
[StageAppStep] Getting build "93557619-a5bd-4da0-9a7a-9031ee3bb960"...#
#2026 06 14 18:49:22.191#Z#DEBUG#87cc2b18-6821-11f1-aca3-eeee0a82a9ce.OPERATION#flowable-async-job-executor-thread-1267#
[StageAppStep] Staging status of application "employee-app": PENDING#
#2026 06 14 18:49:22.192#Z#DEBUG#87cc2b18-6821-11f1-aca3-eeee0a82a9ce.OPERATION#flowable-async-job-executor-thread-1267#
[StageAppStep] Getting application guid "employee-app"...#
#2026 06 14 18:49:22.207#Z#DEBUG#87cc2b18-6821-11f1-aca3-eeee0a82a9ce.OPERATION#flowable-async-job-executor-thread-1269#
[StageAppStep] Staging status of application "employee-app-srv": PENDING#
#2026 06 14 18:49:22.208#Z#DEBUG#87cc2b18-6821-11f1-aca3-eeee0a82a9ce.OPERATION#flowable-async-job-executor-thread-1269#
[StageAppStep] Getting application guid "employee-app-srv"...#
#2026 06 14 18:49:22.291#Z#DEBUG#87cc2b18-6821-11f1-aca3-eeee0a82a9ce.OPERATION#flowable-async-job-executor-thread-1267#
Step "Stage App" finished#
#2026 06 14 18:49:22.325#Z#DEBUG#87cc2b18-6821-11f1-aca3-eeee0a82a9ce.OPERATION#flowable-async-job-executor-thread-1269#
Step "Stage App" finished#
#2026 06 14 18:49:32.180#Z#DEBUG#87cc2b18-6821-11f1-aca3-eeee0a82a9ce.OPERATION#flowable-async-job-executor-thread-3566#
[StageAppStep] Executing task "stageAppTask" of process "b07394a8-6821-11f1-a120-eeee0a872bf9"...#
#2026 06 14 18:49:32.181#Z#DEBUG#87cc2b18-6821-11f1-aca3-eeee0a82a9ce.OPERATION#flowable-async-job-executor-thread-3566#
[StageAppStep] Application stage timeout is default one: 3,600 seconds#
#2026 06 14 18:49:32.181#Z#DEBUG#87cc2b18-6821-11f1-aca3-eeee0a82a9ce.OPERATION#flowable-async-job-executor-thread-3566#
[StageAppStep] Checking status of application "employee-app"...#
#2026 06 14 18:49:32.181#Z#DEBUG#87cc2b18-6821-11f1-aca3-eeee0a82a9ce.OPERATION#flowable-async-job-executor-thread-3566#
[StageAppStep] Getting build "b2b2eec5-96fa-46d5-9184-f93d6044782b"...#
#2026 06 14 18:49:32.215#Z#DEBUG#87cc2b18-6821-11f1-aca3-eeee0a82a9ce.OPERATION#flowable-async-job-executor-thread-3566#
[StageAppStep] Staging status of application "employee-app": STAGED#
#2026 06 14 18:49:32.216#Z#DEBUG#87cc2b18-6821-11f1-aca3-eeee0a82a9ce.OPERATION#flowable-async-job-executor-thread-3566#
[StageAppStep] Getting application guid "employee-app"...#
#2026 06 14 18:49:32.289#Z#DEBUG#87cc2b18-6821-11f1-aca3-eeee0a82a9ce.OPERATION#flowable-async-job-executor-thread-3566#
[StageAppStep] Getting build "b2b2eec5-96fa-46d5-9184-f93d6044782b"...#
#2026 06 14 18:49:32.323#Z#DEBUG#87cc2b18-6821-11f1-aca3-eeee0a82a9ce.OPERATION#flowable-async-job-executor-thread-3566#
[StageAppStep] Binding droplet "8a0b337c-8434-4b9c-8d59-e211cbca4abe" to application "0b1e15a9-bc40-43ca-92bd-d7bdb41c0718"...#
#2026 06 14 18:49:32.382#Z#INFO#87cc2b18-6821-11f1-aca3-eeee0a82a9ce.OPERATION#flowable-async-job-executor-thread-3566#
[StageAppStep] Application "employee-app" staged#
#2026 06 14 18:49:32.390#Z#DEBUG#87cc2b18-6821-11f1-aca3-eeee0a82a9ce.OPERATION#flowable-async-job-executor-thread-3566#
Step "Stage App" finished#
#2026 06 14 18:49:32.192#Z#DEBUG#87cc2b18-6821-11f1-aca3-eeee0a82a9ce.OPERATION#flowable-async-job-executor-thread-1299#
[StageAppStep] Executing task "stageAppTask" of process "b06340e8-6821-11f1-a120-eeee0a872bf9"...#
#2026 06 14 18:49:32.194#Z#DEBUG#87cc2b18-6821-11f1-aca3-eeee0a82a9ce.OPERATION#flowable-async-job-executor-thread-1299#
[StageAppStep] Application stage timeout is default one: 3,600 seconds#
#2026 06 14 18:49:32.195#Z#DEBUG#87cc2b18-6821-11f1-aca3-eeee0a82a9ce.OPERATION#flowable-async-job-executor-thread-1299#
[StageAppStep] Checking status of application "employee-app-srv"...#
#2026 06 14 18:49:32.195#Z#DEBUG#87cc2b18-6821-11f1-aca3-eeee0a82a9ce.OPERATION#flowable-async-job-executor-thread-1299#
[StageAppStep] Getting build "93557619-a5bd-4da0-9a7a-9031ee3bb960"...#
#2026 06 14 18:49:32.231#Z#DEBUG#87cc2b18-6821-11f1-aca3-eeee0a82a9ce.OPERATION#flowable-async-job-executor-thread-1299#
[StageAppStep] Staging status of application "employee-app-srv": STAGED#
#2026 06 14 18:49:32.232#Z#DEBUG#87cc2b18-6821-11f1-aca3-eeee0a82a9ce.OPERATION#flowable-async-job-executor-thread-1299#
[StageAppStep] Getting application guid "employee-app-srv"...#
#2026 06 14 18:49:32.328#Z#DEBUG#87cc2b18-6821-11f1-aca3-eeee0a82a9ce.OPERATION#flowable-async-job-executor-thread-1299#
[StageAppStep] Getting build "93557619-a5bd-4da0-9a7a-9031ee3bb960"...#
#2026 06 14 18:49:32.360#Z#DEBUG#87cc2b18-6821-11f1-aca3-eeee0a82a9ce.OPERATION#flowable-async-job-executor-thread-1299#
[StageAppStep] Binding droplet "6d8c6ee3-09b3-48cc-b72e-317a7d212947" to application "d82c773d-11e1-4a8b-885d-ff9df84e4d28"...#
#2026 06 14 18:49:32.417#Z#INFO#87cc2b18-6821-11f1-aca3-eeee0a82a9ce.OPERATION#flowable-async-job-executor-thread-1299#
[StageAppStep] Application "employee-app-srv" staged#
#2026 06 14 18:49:32.425#Z#DEBUG#87cc2b18-6821-11f1-aca3-eeee0a82a9ce.OPERATION#flowable-async-job-executor-thread-1299#
Step "Stage App" finished#
#2026 06 14 18:49:32.423#Z#DEBUG#87cc2b18-6821-11f1-aca3-eeee0a82a9ce.OPERATION#flowable-async-job-executor-thread-3566#
[RestartAppStep] Executing task "startAppTask" of process "b07394a8-6821-11f1-a120-eeee0a872bf9"...#
#2026 06 14 18:49:32.425#Z#DEBUG#87cc2b18-6821-11f1-aca3-eeee0a82a9ce.OPERATION#flowable-async-job-executor-thread-3566#
[RestartAppStep] Application start timeout is default one: 3,600 seconds#
#2026 06 14 18:49:32.432#Z#DEBUG#87cc2b18-6821-11f1-aca3-eeee0a82a9ce.OPERATION#flowable-async-job-executor-thread-3566#
[RestartAppStep] Getting application "employee-app"...#
#2026 06 14 18:49:32.486#Z#INFO#87cc2b18-6821-11f1-aca3-eeee0a82a9ce.OPERATION#flowable-async-job-executor-thread-3566#
[RestartAppStep] Starting application "employee-app"...#
#2026 06 14 18:49:32.493#Z#DEBUG#87cc2b18-6821-11f1-aca3-eeee0a82a9ce.OPERATION#flowable-async-job-executor-thread-3566#
[RestartAppStep] Starting application "employee-app"...#
#2026 06 14 18:49:32.758#Z#DEBUG#87cc2b18-6821-11f1-aca3-eeee0a82a9ce.OPERATION#flowable-async-job-executor-thread-3566#
Step "Start App" finished#
#2026 06 14 18:49:32.478#Z#DEBUG#87cc2b18-6821-11f1-aca3-eeee0a82a9ce.OPERATION#flowable-async-job-executor-thread-1300#
[RestartAppStep] Executing task "startAppTask" of process "b06340e8-6821-11f1-a120-eeee0a872bf9"...#
#2026 06 14 18:49:32.482#Z#DEBUG#87cc2b18-6821-11f1-aca3-eeee0a82a9ce.OPERATION#flowable-async-job-executor-thread-1300#
[RestartAppStep] Application start timeout is default one: 3,600 seconds#
#2026 06 14 18:49:32.495#Z#DEBUG#87cc2b18-6821-11f1-aca3-eeee0a82a9ce.OPERATION#flowable-async-job-executor-thread-1300#
[RestartAppStep] Getting application "employee-app-srv"...#
#2026 06 14 18:49:32.549#Z#INFO#87cc2b18-6821-11f1-aca3-eeee0a82a9ce.OPERATION#flowable-async-job-executor-thread-1300#
[RestartAppStep] Starting application "employee-app-srv"...#
#2026 06 14 18:49:32.556#Z#DEBUG#87cc2b18-6821-11f1-aca3-eeee0a82a9ce.OPERATION#flowable-async-job-executor-thread-1300#
[RestartAppStep] Starting application "employee-app-srv"...#
#2026 06 14 18:49:32.864#Z#DEBUG#87cc2b18-6821-11f1-aca3-eeee0a82a9ce.OPERATION#flowable-async-job-executor-thread-1300#
Step "Start App" finished#
#2026 06 14 18:49:42.289#Z#DEBUG#87cc2b18-6821-11f1-aca3-eeee0a82a9ce.OPERATION#flowable-async-job-executor-thread-1304#
[RestartAppStep] Executing task "startAppTask" of process "c849e036-6821-11f1-a9a1-eeee0a9231d2"...#
#2026 06 14 18:49:42.293#Z#DEBUG#87cc2b18-6821-11f1-aca3-eeee0a82a9ce.OPERATION#flowable-async-job-executor-thread-1304#
[RestartAppStep] Application start timeout is default one: 3,600 seconds#
#2026 06 14 18:49:42.294#Z#DEBUG#87cc2b18-6821-11f1-aca3-eeee0a82a9ce.OPERATION#flowable-async-job-executor-thread-1304#
[RestartAppStep] Checking status of application "employee-app-srv"...#
#2026 06 14 18:49:42.294#Z#DEBUG#87cc2b18-6821-11f1-aca3-eeee0a82a9ce.OPERATION#flowable-async-job-executor-thread-1304#
[RestartAppStep] Getting application "employee-app-srv"...#
#2026 06 14 18:49:42.337#Z#DEBUG#87cc2b18-6821-11f1-aca3-eeee0a82a9ce.OPERATION#flowable-async-job-executor-thread-1304#
[RestartAppStep] Getting instances for application "employee-app-srv"...#
#2026 06 14 18:49:42.401#Z#DEBUG#87cc2b18-6821-11f1-aca3-eeee0a82a9ce.OPERATION#flowable-async-job-executor-thread-1304#
[RestartAppStep] Application "employee-app-srv": 1 of 1 instances running (1 running)#
#2026 06 14 18:49:42.436#Z#DEBUG#87cc2b18-6821-11f1-aca3-eeee0a82a9ce.OPERATION#flowable-async-job-executor-thread-1304#
[RestartAppStep] Getting routes for application "d82c773d-11e1-4a8b-885d-ff9df84e4d28"...#
#2026 06 14 18:49:42.485#Z#INFO#87cc2b18-6821-11f1-aca3-eeee0a82a9ce.OPERATION#flowable-async-job-executor-thread-1304#
[RestartAppStep] Application "employee-app-srv" started and available at "9450e8eatrial-dev-employee-app-srv.cfapps.us10-001.hana.ondemand.com"#
#2026 06 14 18:49:42.493#Z#DEBUG#87cc2b18-6821-11f1-aca3-eeee0a82a9ce.OPERATION#flowable-async-job-executor-thread-1304#
Step "Start App" finished#
#2026 06 14 18:49:42.268#Z#DEBUG#87cc2b18-6821-11f1-aca3-eeee0a82a9ce.OPERATION#flowable-async-job-executor-thread-1275#
[RestartAppStep] Executing task "startAppTask" of process "c839658a-6821-11f1-a120-eeee0a872bf9"...#
#2026 06 14 18:49:42.272#Z#DEBUG#87cc2b18-6821-11f1-aca3-eeee0a82a9ce.OPERATION#flowable-async-job-executor-thread-1275#
[RestartAppStep] Application start timeout is default one: 3,600 seconds#
#2026 06 14 18:49:42.344#Z#DEBUG#87cc2b18-6821-11f1-aca3-eeee0a82a9ce.OPERATION#flowable-async-job-executor-thread-1275#
[RestartAppStep] Checking status of application "employee-app"...#
#2026 06 14 18:49:42.344#Z#DEBUG#87cc2b18-6821-11f1-aca3-eeee0a82a9ce.OPERATION#flowable-async-job-executor-thread-1275#
[RestartAppStep] Getting application "employee-app"...#
#2026 06 14 18:49:42.397#Z#DEBUG#87cc2b18-6821-11f1-aca3-eeee0a82a9ce.OPERATION#flowable-async-job-executor-thread-1275#
[RestartAppStep] Getting instances for application "employee-app"...#
#2026 06 14 18:49:42.459#Z#DEBUG#87cc2b18-6821-11f1-aca3-eeee0a82a9ce.OPERATION#flowable-async-job-executor-thread-1275#
[RestartAppStep] Application "employee-app": 0 of 1 instances running (1 starting)#
#2026 06 14 18:49:42.536#Z#DEBUG#87cc2b18-6821-11f1-aca3-eeee0a82a9ce.OPERATION#flowable-async-job-executor-thread-1275#
Step "Start App" finished#
#2026 06 14 18:49:52.306#Z#DEBUG#87cc2b18-6821-11f1-aca3-eeee0a82a9ce.OPERATION#flowable-async-job-executor-thread-3581#
[RestartAppStep] Executing task "startAppTask" of process "ce074b36-6821-11f1-a9a1-eeee0a9231d2"...#
#2026 06 14 18:49:52.308#Z#DEBUG#87cc2b18-6821-11f1-aca3-eeee0a82a9ce.OPERATION#flowable-async-job-executor-thread-3581#
[RestartAppStep] Application start timeout is default one: 3,600 seconds#
#2026 06 14 18:49:52.309#Z#DEBUG#87cc2b18-6821-11f1-aca3-eeee0a82a9ce.OPERATION#flowable-async-job-executor-thread-3581#
Step "Start App" finished#
#2026 06 14 18:49:52.395#Z#DEBUG#87cc2b18-6821-11f1-aca3-eeee0a82a9ce.OPERATION#flowable-async-job-executor-thread-3581#
[PrepareToExecuteTasksStep] Executing task "prepareToExecuteTasksTask" of process "d3e69742-6821-11f1-a120-eeee0a872bf9"...#
#2026 06 14 18:49:52.397#Z#DEBUG#87cc2b18-6821-11f1-aca3-eeee0a82a9ce.OPERATION#flowable-async-job-executor-thread-3581#
Step "Prepare To Execute Tasks" finished#
#2026 06 14 18:49:52.327#Z#DEBUG#87cc2b18-6821-11f1-aca3-eeee0a82a9ce.OPERATION#flowable-async-job-executor-thread-1312#
[RestartAppStep] Executing task "startAppTask" of process "ce0db46f-6821-11f1-aca3-eeee0a82a9ce"...#
#2026 06 14 18:49:52.330#Z#DEBUG#87cc2b18-6821-11f1-aca3-eeee0a82a9ce.OPERATION#flowable-async-job-executor-thread-1312#
[RestartAppStep] Application start timeout is default one: 3,600 seconds#
#2026 06 14 18:49:52.332#Z#DEBUG#87cc2b18-6821-11f1-aca3-eeee0a82a9ce.OPERATION#flowable-async-job-executor-thread-1312#
[RestartAppStep] Checking status of application "employee-app"...#
#2026 06 14 18:49:52.333#Z#DEBUG#87cc2b18-6821-11f1-aca3-eeee0a82a9ce.OPERATION#flowable-async-job-executor-thread-1312#
[RestartAppStep] Getting instances for application "employee-app"...#
#2026 06 14 18:49:52.392#Z#DEBUG#87cc2b18-6821-11f1-aca3-eeee0a82a9ce.OPERATION#flowable-async-job-executor-thread-1312#
[RestartAppStep] Application "employee-app": 0 of 1 instances running (1 starting)#
#2026 06 14 18:49:52.427#Z#DEBUG#87cc2b18-6821-11f1-aca3-eeee0a82a9ce.OPERATION#flowable-async-job-executor-thread-1312#
Step "Start App" finished#
#2026 06 14 18:49:52.449#Z#DEBUG#87cc2b18-6821-11f1-aca3-eeee0a82a9ce.OPERATION#flowable-async-job-executor-thread-3581#
[PublishConfigurationEntriesStep] Executing task "publishProvidedDependenciesTask" of process "d3e118e1-6821-11f1-a120-eeee0a872bf9"...#
#2026 06 14 18:49:52.450#Z#DEBUG#87cc2b18-6821-11f1-aca3-eeee0a82a9ce.OPERATION#flowable-async-job-executor-thread-3581#
[PublishConfigurationEntriesStep] Publishing public provided dependencies for application "employee-app-srv"...#
#2026 06 14 18:49:52.450#Z#DEBUG#87cc2b18-6821-11f1-aca3-eeee0a82a9ce.OPERATION#flowable-async-job-executor-thread-3581#
[PublishConfigurationEntriesStep] No public provided dependencies for publishing#
#2026 06 14 18:49:52.450#Z#DEBUG#87cc2b18-6821-11f1-aca3-eeee0a82a9ce.OPERATION#flowable-async-job-executor-thread-3581#
Step "Publish Provided Dependencies" finished#
#2026 06 14 18:49:52.483#Z#DEBUG#87cc2b18-6821-11f1-aca3-eeee0a82a9ce.OPERATION#flowable-async-job-executor-thread-3581#
[CreateOrUpdateServiceBrokerStep] Executing task "createOrUpdateServiceBrokerTask" of process "d3e118e1-6821-11f1-a120-eeee0a872bf9"...#
#2026 06 14 18:49:52.486#Z#DEBUG#87cc2b18-6821-11f1-aca3-eeee0a82a9ce.OPERATION#flowable-async-job-executor-thread-3581#
[CreateOrUpdateServiceBrokerStep] Creating service brokers...#
#2026 06 14 18:49:52.487#Z#DEBUG#87cc2b18-6821-11f1-aca3-eeee0a82a9ce.OPERATION#flowable-async-job-executor-thread-3581#
Step "Create Or Update Service Broker " finished#
#2026 06 14 18:50:02.318#Z#DEBUG#87cc2b18-6821-11f1-aca3-eeee0a82a9ce.OPERATION#flowable-async-job-executor-thread-3586#
[RestartAppStep] Executing task "startAppTask" of process "d3f3415f-6821-11f1-a9a1-eeee0a9231d2"...#
#2026 06 14 18:50:02.321#Z#DEBUG#87cc2b18-6821-11f1-aca3-eeee0a82a9ce.OPERATION#flowable-async-job-executor-thread-3586#
[RestartAppStep] Application start timeout is default one: 3,600 seconds#
#2026 06 14 18:50:02.321#Z#DEBUG#87cc2b18-6821-11f1-aca3-eeee0a82a9ce.OPERATION#flowable-async-job-executor-thread-3586#
[RestartAppStep] Checking status of application "employee-app"...#
#2026 06 14 18:50:02.322#Z#DEBUG#87cc2b18-6821-11f1-aca3-eeee0a82a9ce.OPERATION#flowable-async-job-executor-thread-3586#
[RestartAppStep] Getting instances for application "employee-app"...#
#2026 06 14 18:50:02.382#Z#DEBUG#87cc2b18-6821-11f1-aca3-eeee0a82a9ce.OPERATION#flowable-async-job-executor-thread-3586#
[RestartAppStep] Application "employee-app": 0 of 1 instances running (1 starting)#
#2026 06 14 18:50:02.417#Z#DEBUG#87cc2b18-6821-11f1-aca3-eeee0a82a9ce.OPERATION#flowable-async-job-executor-thread-3586#
Step "Start App" finished#
#2026 06 14 18:50:12.380#Z#DEBUG#87cc2b18-6821-11f1-aca3-eeee0a82a9ce.OPERATION#flowable-async-job-executor-thread-3596#
[RestartAppStep] Executing task "startAppTask" of process "d9e726fc-6821-11f1-a120-eeee0a872bf9"...#
#2026 06 14 18:50:12.381#Z#DEBUG#87cc2b18-6821-11f1-aca3-eeee0a82a9ce.OPERATION#flowable-async-job-executor-thread-3596#
[RestartAppStep] Application start timeout is default one: 3,600 seconds#
#2026 06 14 18:50:12.382#Z#DEBUG#87cc2b18-6821-11f1-aca3-eeee0a82a9ce.OPERATION#flowable-async-job-executor-thread-3596#
[RestartAppStep] Checking status of application "employee-app"...#
#2026 06 14 18:50:12.383#Z#DEBUG#87cc2b18-6821-11f1-aca3-eeee0a82a9ce.OPERATION#flowable-async-job-executor-thread-3596#
[RestartAppStep] Getting instances for application "employee-app"...#
#2026 06 14 18:50:12.429#Z#DEBUG#87cc2b18-6821-11f1-aca3-eeee0a82a9ce.OPERATION#flowable-async-job-executor-thread-3596#
[RestartAppStep] Application "employee-app": 0 of 1 instances running (1 starting)#
#2026 06 14 18:50:12.493#Z#DEBUG#87cc2b18-6821-11f1-aca3-eeee0a82a9ce.OPERATION#flowable-async-job-executor-thread-3596#
Step "Start App" finished#
#2026 06 14 18:50:22.398#Z#DEBUG#87cc2b18-6821-11f1-aca3-eeee0a82a9ce.OPERATION#flowable-async-job-executor-thread-3604#
[RestartAppStep] Executing task "startAppTask" of process "dfe8c802-6821-11f1-a120-eeee0a872bf9"...#
#2026 06 14 18:50:22.399#Z#DEBUG#87cc2b18-6821-11f1-aca3-eeee0a82a9ce.OPERATION#flowable-async-job-executor-thread-3604#
[RestartAppStep] Application start timeout is default one: 3,600 seconds#
#2026 06 14 18:50:22.400#Z#DEBUG#87cc2b18-6821-11f1-aca3-eeee0a82a9ce.OPERATION#flowable-async-job-executor-thread-3604#
[RestartAppStep] Checking status of application "employee-app"...#
#2026 06 14 18:50:22.401#Z#DEBUG#87cc2b18-6821-11f1-aca3-eeee0a82a9ce.OPERATION#flowable-async-job-executor-thread-3604#
[RestartAppStep] Getting instances for application "employee-app"...#
#2026 06 14 18:50:22.486#Z#DEBUG#87cc2b18-6821-11f1-aca3-eeee0a82a9ce.OPERATION#flowable-async-job-executor-thread-3604#
[RestartAppStep] Application "employee-app": 0 of 1 instances running (1 crashed)#
#2026 06 14 18:50:22.523#Z#ERROR#87cc2b18-6821-11f1-aca3-eeee0a82a9ce.OPERATION#flowable-async-job-executor-thread-3604#
[RestartAppStep] Error starting application "employee-app": Some instances have crashed. Check the application logs of your application for details.#
#2026 06 14 18:50:22.528#Z#INFO#87cc2b18-6821-11f1-aca3-eeee0a82a9ce.OPERATION#flowable-async-job-executor-thread-3604#
[RestartAppStep] Download the MTA operation logs for more details.#
#2026 06 14 18:50:22.533#Z#DEBUG#87cc2b18-6821-11f1-aca3-eeee0a82a9ce.OPERATION#flowable-async-job-executor-thread-3604#
Step "Start App" finished#
#2026 06 14 18:50:25.146#Z#DEBUG#87cc2b18-6821-11f1-aca3-eeee0a82a9ce.OPERATION#flowable-async-job-executor-thread-3598#
[RestartAppStep] Executing task "startAppTask" of process "dfe8c802-6821-11f1-a120-eeee0a872bf9"...#
#2026 06 14 18:50:25.148#Z#DEBUG#87cc2b18-6821-11f1-aca3-eeee0a82a9ce.OPERATION#flowable-async-job-executor-thread-3598#
[RestartAppStep] Application start timeout is default one: 3,600 seconds#
#2026 06 14 18:50:25.263#Z#DEBUG#87cc2b18-6821-11f1-aca3-eeee0a82a9ce.OPERATION#flowable-async-job-executor-thread-3598#
[RestartAppStep] Getting application "employee-app"...#
#2026 06 14 18:50:25.311#Z#INFO#87cc2b18-6821-11f1-aca3-eeee0a82a9ce.OPERATION#flowable-async-job-executor-thread-3598#
[RestartAppStep] Stopping application "employee-app"...#
#2026 06 14 18:50:25.317#Z#DEBUG#87cc2b18-6821-11f1-aca3-eeee0a82a9ce.OPERATION#flowable-async-job-executor-thread-3598#
[RestartAppStep] Stopping application "employee-app"...#
#2026 06 14 18:50:25.455#Z#INFO#87cc2b18-6821-11f1-aca3-eeee0a82a9ce.OPERATION#flowable-async-job-executor-thread-3598#
[RestartAppStep] Starting application "employee-app"...#
#2026 06 14 18:50:25.460#Z#DEBUG#87cc2b18-6821-11f1-aca3-eeee0a82a9ce.OPERATION#flowable-async-job-executor-thread-3598#
[RestartAppStep] Starting application "employee-app"...#
#2026 06 14 18:50:25.673#Z#DEBUG#87cc2b18-6821-11f1-aca3-eeee0a82a9ce.OPERATION#flowable-async-job-executor-thread-3598#
Step "Start App" finished#
#2026 06 14 18:50:32.431#Z#DEBUG#87cc2b18-6821-11f1-aca3-eeee0a82a9ce.OPERATION#flowable-async-job-executor-thread-3612#
[RestartAppStep] Executing task "startAppTask" of process "e7c3950d-6821-11f1-a120-eeee0a872bf9"...#
#2026 06 14 18:50:32.433#Z#DEBUG#87cc2b18-6821-11f1-aca3-eeee0a82a9ce.OPERATION#flowable-async-job-executor-thread-3612#
[RestartAppStep] Application start timeout is default one: 3,600 seconds#
#2026 06 14 18:50:32.434#Z#DEBUG#87cc2b18-6821-11f1-aca3-eeee0a82a9ce.OPERATION#flowable-async-job-executor-thread-3612#
[RestartAppStep] Checking status of application "employee-app"...#
#2026 06 14 18:50:32.435#Z#DEBUG#87cc2b18-6821-11f1-aca3-eeee0a82a9ce.OPERATION#flowable-async-job-executor-thread-3612#
[RestartAppStep] Getting instances for application "employee-app"...#
#2026 06 14 18:50:32.479#Z#DEBUG#87cc2b18-6821-11f1-aca3-eeee0a82a9ce.OPERATION#flowable-async-job-executor-thread-3612#
[RestartAppStep] Application "employee-app": 0 of 1 instances running (1 starting)#
#2026 06 14 18:50:32.508#Z#DEBUG#87cc2b18-6821-11f1-aca3-eeee0a82a9ce.OPERATION#flowable-async-job-executor-thread-3612#
Step "Start App" finished#
#2026 06 14 18:50:42.463#Z#DEBUG#87cc2b18-6821-11f1-aca3-eeee0a82a9ce.OPERATION#flowable-async-job-executor-thread-3621#
[RestartAppStep] Executing task "startAppTask" of process "ebd65e46-6821-11f1-a120-eeee0a872bf9"...#
#2026 06 14 18:50:42.465#Z#DEBUG#87cc2b18-6821-11f1-aca3-eeee0a82a9ce.OPERATION#flowable-async-job-executor-thread-3621#
[RestartAppStep] Application start timeout is default one: 3,600 seconds#
#2026 06 14 18:50:42.466#Z#DEBUG#87cc2b18-6821-11f1-aca3-eeee0a82a9ce.OPERATION#flowable-async-job-executor-thread-3621#
[RestartAppStep] Checking status of application "employee-app"...#
#2026 06 14 18:50:42.467#Z#DEBUG#87cc2b18-6821-11f1-aca3-eeee0a82a9ce.OPERATION#flowable-async-job-executor-thread-3621#
[RestartAppStep] Getting instances for application "employee-app"...#
#2026 06 14 18:50:42.529#Z#DEBUG#87cc2b18-6821-11f1-aca3-eeee0a82a9ce.OPERATION#flowable-async-job-executor-thread-3621#
[RestartAppStep] Application "employee-app": 0 of 1 instances running (1 starting)#
#2026 06 14 18:50:42.584#Z#DEBUG#87cc2b18-6821-11f1-aca3-eeee0a82a9ce.OPERATION#flowable-async-job-executor-thread-3621#
Step "Start App" finished#
#2026 06 14 18:50:52.481#Z#DEBUG#87cc2b18-6821-11f1-aca3-eeee0a82a9ce.OPERATION#flowable-async-job-executor-thread-3625#
[RestartAppStep] Executing task "startAppTask" of process "f1d873f4-6821-11f1-a120-eeee0a872bf9"...#
#2026 06 14 18:50:52.483#Z#DEBUG#87cc2b18-6821-11f1-aca3-eeee0a82a9ce.OPERATION#flowable-async-job-executor-thread-3625#
[RestartAppStep] Application start timeout is default one: 3,600 seconds#
#2026 06 14 18:50:52.484#Z#DEBUG#87cc2b18-6821-11f1-aca3-eeee0a82a9ce.OPERATION#flowable-async-job-executor-thread-3625#
[RestartAppStep] Checking status of application "employee-app"...#
#2026 06 14 18:50:52.485#Z#DEBUG#87cc2b18-6821-11f1-aca3-eeee0a82a9ce.OPERATION#flowable-async-job-executor-thread-3625#
[RestartAppStep] Getting instances for application "employee-app"...#
#2026 06 14 18:50:52.526#Z#DEBUG#87cc2b18-6821-11f1-aca3-eeee0a82a9ce.OPERATION#flowable-async-job-executor-thread-3625#
[RestartAppStep] Application "employee-app": 0 of 1 instances running (1 starting)#
#2026 06 14 18:50:52.556#Z#DEBUG#87cc2b18-6821-11f1-aca3-eeee0a82a9ce.OPERATION#flowable-async-job-executor-thread-3625#
Step "Start App" finished#
#2026 06 14 18:51:02.492#Z#DEBUG#87cc2b18-6821-11f1-aca3-eeee0a82a9ce.OPERATION#flowable-async-job-executor-thread-3629#
[RestartAppStep] Executing task "startAppTask" of process "f7c9c142-6821-11f1-a120-eeee0a872bf9"...#
#2026 06 14 18:51:02.494#Z#DEBUG#87cc2b18-6821-11f1-aca3-eeee0a82a9ce.OPERATION#flowable-async-job-executor-thread-3629#
[RestartAppStep] Application start timeout is default one: 3,600 seconds#
#2026 06 14 18:51:02.495#Z#DEBUG#87cc2b18-6821-11f1-aca3-eeee0a82a9ce.OPERATION#flowable-async-job-executor-thread-3629#
[RestartAppStep] Checking status of application "employee-app"...#
#2026 06 14 18:51:02.496#Z#DEBUG#87cc2b18-6821-11f1-aca3-eeee0a82a9ce.OPERATION#flowable-async-job-executor-thread-3629#
[RestartAppStep] Getting instances for application "employee-app"...#
#2026 06 14 18:51:02.540#Z#DEBUG#87cc2b18-6821-11f1-aca3-eeee0a82a9ce.OPERATION#flowable-async-job-executor-thread-3629#
[RestartAppStep] Application "employee-app": 0 of 1 instances running (1 starting)#
#2026 06 14 18:51:02.597#Z#DEBUG#87cc2b18-6821-11f1-aca3-eeee0a82a9ce.OPERATION#flowable-async-job-executor-thread-3629#
Step "Start App" finished#
#2026 06 14 18:51:12.536#Z#DEBUG#87cc2b18-6821-11f1-aca3-eeee0a82a9ce.OPERATION#flowable-async-job-executor-thread-1294#
[RestartAppStep] Executing task "startAppTask" of process "fdc5e3e9-6821-11f1-a120-eeee0a872bf9"...#
#2026 06 14 18:51:12.538#Z#DEBUG#87cc2b18-6821-11f1-aca3-eeee0a82a9ce.OPERATION#flowable-async-job-executor-thread-1294#
[RestartAppStep] Application start timeout is default one: 3,600 seconds#
#2026 06 14 18:51:12.540#Z#DEBUG#87cc2b18-6821-11f1-aca3-eeee0a82a9ce.OPERATION#flowable-async-job-executor-thread-1294#
[RestartAppStep] Checking status of application "employee-app"...#
#2026 06 14 18:51:12.541#Z#DEBUG#87cc2b18-6821-11f1-aca3-eeee0a82a9ce.OPERATION#flowable-async-job-executor-thread-1294#
[RestartAppStep] Getting instances for application "employee-app"...#
#2026 06 14 18:51:12.587#Z#DEBUG#87cc2b18-6821-11f1-aca3-eeee0a82a9ce.OPERATION#flowable-async-job-executor-thread-1294#
[RestartAppStep] Application "employee-app": 0 of 1 instances running (1 crashed)#
#2026 06 14 18:51:12.658#Z#ERROR#87cc2b18-6821-11f1-aca3-eeee0a82a9ce.OPERATION#flowable-async-job-executor-thread-1294#
[RestartAppStep] Error starting application "employee-app": Some instances have crashed. Check the application logs of your application for details.#
#2026 06 14 18:51:12.664#Z#INFO#87cc2b18-6821-11f1-aca3-eeee0a82a9ce.OPERATION#flowable-async-job-executor-thread-1294#
[RestartAppStep] Download the MTA operation logs for more details.#
#2026 06 14 18:51:12.670#Z#DEBUG#87cc2b18-6821-11f1-aca3-eeee0a82a9ce.OPERATION#flowable-async-job-executor-thread-1294#
Step "Start App" finished#
#2026 06 14 18:51:13.626#Z#DEBUG#87cc2b18-6821-11f1-aca3-eeee0a82a9ce.OPERATION#flowable-async-job-executor-thread-3633#
[RestartAppStep] Executing task "startAppTask" of process "fdc5e3e9-6821-11f1-a120-eeee0a872bf9"...#
#2026 06 14 18:51:13.628#Z#DEBUG#87cc2b18-6821-11f1-aca3-eeee0a82a9ce.OPERATION#flowable-async-job-executor-thread-3633#
[RestartAppStep] Application start timeout is default one: 3,600 seconds#
#2026 06 14 18:51:13.634#Z#DEBUG#87cc2b18-6821-11f1-aca3-eeee0a82a9ce.OPERATION#flowable-async-job-executor-thread-3633#
[RestartAppStep] Getting application "employee-app"...#
#2026 06 14 18:51:13.692#Z#INFO#87cc2b18-6821-11f1-aca3-eeee0a82a9ce.OPERATION#flowable-async-job-executor-thread-3633#
[RestartAppStep] Stopping application "employee-app"...#
#2026 06 14 18:51:13.696#Z#DEBUG#87cc2b18-6821-11f1-aca3-eeee0a82a9ce.OPERATION#flowable-async-job-executor-thread-3633#
[RestartAppStep] Stopping application "employee-app"...#
#2026 06 14 18:51:13.831#Z#INFO#87cc2b18-6821-11f1-aca3-eeee0a82a9ce.OPERATION#flowable-async-job-executor-thread-3633#
[RestartAppStep] Starting application "employee-app"...#
#2026 06 14 18:51:13.835#Z#DEBUG#87cc2b18-6821-11f1-aca3-eeee0a82a9ce.OPERATION#flowable-async-job-executor-thread-3633#
[RestartAppStep] Starting application "employee-app"...#
#2026 06 14 18:51:14.029#Z#DEBUG#87cc2b18-6821-11f1-aca3-eeee0a82a9ce.OPERATION#flowable-async-job-executor-thread-3633#
Step "Start App" finished#
#2026 06 14 18:51:22.542#Z#DEBUG#87cc2b18-6821-11f1-aca3-eeee0a82a9ce.OPERATION#flowable-async-job-executor-thread-3637#
[RestartAppStep] Executing task "startAppTask" of process "04964694-6822-11f1-a120-eeee0a872bf9"...#
#2026 06 14 18:51:22.543#Z#DEBUG#87cc2b18-6821-11f1-aca3-eeee0a82a9ce.OPERATION#flowable-async-job-executor-thread-3637#
[RestartAppStep] Application start timeout is default one: 3,600 seconds#
#2026 06 14 18:51:22.544#Z#DEBUG#87cc2b18-6821-11f1-aca3-eeee0a82a9ce.OPERATION#flowable-async-job-executor-thread-3637#
[RestartAppStep] Checking status of application "employee-app"...#
#2026 06 14 18:51:22.544#Z#DEBUG#87cc2b18-6821-11f1-aca3-eeee0a82a9ce.OPERATION#flowable-async-job-executor-thread-3637#
[RestartAppStep] Getting instances for application "employee-app"...#
#2026 06 14 18:51:22.579#Z#DEBUG#87cc2b18-6821-11f1-aca3-eeee0a82a9ce.OPERATION#flowable-async-job-executor-thread-3637#
[RestartAppStep] Application "employee-app": 0 of 1 instances running (1 starting)#
#2026 06 14 18:51:22.611#Z#DEBUG#87cc2b18-6821-11f1-aca3-eeee0a82a9ce.OPERATION#flowable-async-job-executor-thread-3637#
Step "Start App" finished#
#2026 06 14 18:51:32.562#Z#DEBUG#87cc2b18-6821-11f1-aca3-eeee0a82a9ce.OPERATION#flowable-async-job-executor-thread-3643#
[RestartAppStep] Executing task "startAppTask" of process "09b3a1f5-6822-11f1-a120-eeee0a872bf9"...#
#2026 06 14 18:51:32.566#Z#DEBUG#87cc2b18-6821-11f1-aca3-eeee0a82a9ce.OPERATION#flowable-async-job-executor-thread-3643#
[RestartAppStep] Application start timeout is default one: 3,600 seconds#
#2026 06 14 18:51:32.566#Z#DEBUG#87cc2b18-6821-11f1-aca3-eeee0a82a9ce.OPERATION#flowable-async-job-executor-thread-3643#
[RestartAppStep] Checking status of application "employee-app"...#
#2026 06 14 18:51:32.567#Z#DEBUG#87cc2b18-6821-11f1-aca3-eeee0a82a9ce.OPERATION#flowable-async-job-executor-thread-3643#
[RestartAppStep] Getting instances for application "employee-app"...#
#2026 06 14 18:51:32.636#Z#DEBUG#87cc2b18-6821-11f1-aca3-eeee0a82a9ce.OPERATION#flowable-async-job-executor-thread-3643#
[RestartAppStep] Application "employee-app": 0 of 1 instances running (1 starting)#
#2026 06 14 18:51:32.691#Z#DEBUG#87cc2b18-6821-11f1-aca3-eeee0a82a9ce.OPERATION#flowable-async-job-executor-thread-3643#
Step "Start App" finished#
#2026 06 14 18:51:42.567#Z#DEBUG#87cc2b18-6821-11f1-aca3-eeee0a82a9ce.OPERATION#flowable-async-job-executor-thread-3650#
[RestartAppStep] Executing task "startAppTask" of process "0fb5df66-6822-11f1-a120-eeee0a872bf9"...#
#2026 06 14 18:51:42.569#Z#DEBUG#87cc2b18-6821-11f1-aca3-eeee0a82a9ce.OPERATION#flowable-async-job-executor-thread-3650#
[RestartAppStep] Application start timeout is default one: 3,600 seconds#
#2026 06 14 18:51:42.569#Z#DEBUG#87cc2b18-6821-11f1-aca3-eeee0a82a9ce.OPERATION#flowable-async-job-executor-thread-3650#
[RestartAppStep] Checking status of application "employee-app"...#
#2026 06 14 18:51:42.570#Z#DEBUG#87cc2b18-6821-11f1-aca3-eeee0a82a9ce.OPERATION#flowable-async-job-executor-thread-3650#
[RestartAppStep] Getting instances for application "employee-app"...#
#2026 06 14 18:51:42.615#Z#DEBUG#87cc2b18-6821-11f1-aca3-eeee0a82a9ce.OPERATION#flowable-async-job-executor-thread-3650#
[RestartAppStep] Application "employee-app": 0 of 1 instances running (1 starting)#
#2026 06 14 18:51:42.641#Z#DEBUG#87cc2b18-6821-11f1-aca3-eeee0a82a9ce.OPERATION#flowable-async-job-executor-thread-3650#
Step "Start App" finished#
#2026 06 14 18:51:52.601#Z#DEBUG#87cc2b18-6821-11f1-aca3-eeee0a82a9ce.OPERATION#flowable-async-job-executor-thread-3655#
[RestartAppStep] Executing task "startAppTask" of process "15a3d088-6822-11f1-a120-eeee0a872bf9"...#
#2026 06 14 18:51:52.602#Z#DEBUG#87cc2b18-6821-11f1-aca3-eeee0a82a9ce.OPERATION#flowable-async-job-executor-thread-3655#
[RestartAppStep] Application start timeout is default one: 3,600 seconds#
#2026 06 14 18:51:52.603#Z#DEBUG#87cc2b18-6821-11f1-aca3-eeee0a82a9ce.OPERATION#flowable-async-job-executor-thread-3655#
[RestartAppStep] Checking status of application "employee-app"...#
#2026 06 14 18:51:52.604#Z#DEBUG#87cc2b18-6821-11f1-aca3-eeee0a82a9ce.OPERATION#flowable-async-job-executor-thread-3655#
[RestartAppStep] Getting instances for application "employee-app"...#
#2026 06 14 18:51:52.664#Z#DEBUG#87cc2b18-6821-11f1-aca3-eeee0a82a9ce.OPERATION#flowable-async-job-executor-thread-3655#
[RestartAppStep] Application "employee-app": 0 of 1 instances running (1 starting)#
#2026 06 14 18:51:52.696#Z#DEBUG#87cc2b18-6821-11f1-aca3-eeee0a82a9ce.OPERATION#flowable-async-job-executor-thread-3655#
Step "Start App" finished#
#2026 06 14 18:52:02.644#Z#DEBUG#87cc2b18-6821-11f1-aca3-eeee0a82a9ce.OPERATION#flowable-async-job-executor-thread-3665#
[RestartAppStep] Executing task "startAppTask" of process "1ba23d4f-6822-11f1-a120-eeee0a872bf9"...#
#2026 06 14 18:52:02.645#Z#DEBUG#87cc2b18-6821-11f1-aca3-eeee0a82a9ce.OPERATION#flowable-async-job-executor-thread-3665#
[RestartAppStep] Application start timeout is default one: 3,600 seconds#
#2026 06 14 18:52:02.646#Z#DEBUG#87cc2b18-6821-11f1-aca3-eeee0a82a9ce.OPERATION#flowable-async-job-executor-thread-3665#
[RestartAppStep] Checking status of application "employee-app"...#
#2026 06 14 18:52:02.647#Z#DEBUG#87cc2b18-6821-11f1-aca3-eeee0a82a9ce.OPERATION#flowable-async-job-executor-thread-3665#
[RestartAppStep] Getting instances for application "employee-app"...#
#2026 06 14 18:52:02.700#Z#DEBUG#87cc2b18-6821-11f1-aca3-eeee0a82a9ce.OPERATION#flowable-async-job-executor-thread-3665#
[RestartAppStep] Application "employee-app": 0 of 1 instances running (1 crashed)#
#2026 06 14 18:52:02.734#Z#ERROR#87cc2b18-6821-11f1-aca3-eeee0a82a9ce.OPERATION#flowable-async-job-executor-thread-3665#
[RestartAppStep] Error starting application "employee-app": Some instances have crashed. Check the application logs of your application for details.#
#2026 06 14 18:52:02.740#Z#INFO#87cc2b18-6821-11f1-aca3-eeee0a82a9ce.OPERATION#flowable-async-job-executor-thread-3665#
[RestartAppStep] Download the MTA operation logs for more details.#
#2026 06 14 18:52:02.744#Z#DEBUG#87cc2b18-6821-11f1-aca3-eeee0a82a9ce.OPERATION#flowable-async-job-executor-thread-3665#
Step "Start App" finished#
#2026 06 14 18:52:05.182#Z#DEBUG#87cc2b18-6821-11f1-aca3-eeee0a82a9ce.OPERATION#flowable-async-job-executor-thread-1352#
[RestartAppStep] Executing task "startAppTask" of process "1ba23d4f-6822-11f1-a120-eeee0a872bf9"...#
#2026 06 14 18:52:05.187#Z#DEBUG#87cc2b18-6821-11f1-aca3-eeee0a82a9ce.OPERATION#flowable-async-job-executor-thread-1352#
[RestartAppStep] Application start timeout is default one: 3,600 seconds#
#2026 06 14 18:52:05.269#Z#DEBUG#87cc2b18-6821-11f1-aca3-eeee0a82a9ce.OPERATION#flowable-async-job-executor-thread-1352#
[RestartAppStep] Getting application "employee-app"...#
#2026 06 14 18:52:05.341#Z#INFO#87cc2b18-6821-11f1-aca3-eeee0a82a9ce.OPERATION#flowable-async-job-executor-thread-1352#
[RestartAppStep] Stopping application "employee-app"...#
#2026 06 14 18:52:05.348#Z#DEBUG#87cc2b18-6821-11f1-aca3-eeee0a82a9ce.OPERATION#flowable-async-job-executor-thread-1352#
[RestartAppStep] Stopping application "employee-app"...#
#2026 06 14 18:52:05.502#Z#INFO#87cc2b18-6821-11f1-aca3-eeee0a82a9ce.OPERATION#flowable-async-job-executor-thread-1352#
[RestartAppStep] Starting application "employee-app"...#
#2026 06 14 18:52:05.508#Z#DEBUG#87cc2b18-6821-11f1-aca3-eeee0a82a9ce.OPERATION#flowable-async-job-executor-thread-1352#
[RestartAppStep] Starting application "employee-app"...#
#2026 06 14 18:52:05.707#Z#DEBUG#87cc2b18-6821-11f1-aca3-eeee0a82a9ce.OPERATION#flowable-async-job-executor-thread-1352#
Step "Start App" finished#
#2026 06 14 18:52:12.683#Z#DEBUG#87cc2b18-6821-11f1-aca3-eeee0a82a9ce.OPERATION#flowable-async-job-executor-thread-3674#
[RestartAppStep] Executing task "startAppTask" of process "2364eec9-6822-11f1-a9a1-eeee0a9231d2"...#
#2026 06 14 18:52:12.685#Z#DEBUG#87cc2b18-6821-11f1-aca3-eeee0a82a9ce.OPERATION#flowable-async-job-executor-thread-3674#
[RestartAppStep] Application start timeout is default one: 3,600 seconds#
#2026 06 14 18:52:12.753#Z#DEBUG#87cc2b18-6821-11f1-aca3-eeee0a82a9ce.OPERATION#flowable-async-job-executor-thread-3674#
[RestartAppStep] Checking status of application "employee-app"...#
#2026 06 14 18:52:12.754#Z#DEBUG#87cc2b18-6821-11f1-aca3-eeee0a82a9ce.OPERATION#flowable-async-job-executor-thread-3674#
[RestartAppStep] Getting instances for application "employee-app"...#
#2026 06 14 18:52:12.826#Z#DEBUG#87cc2b18-6821-11f1-aca3-eeee0a82a9ce.OPERATION#flowable-async-job-executor-thread-3674#
[RestartAppStep] Application "employee-app": 0 of 1 instances running (1 starting)#
#2026 06 14 18:52:12.864#Z#DEBUG#87cc2b18-6821-11f1-aca3-eeee0a82a9ce.OPERATION#flowable-async-job-executor-thread-3674#
Step "Start App" finished#
#2026 06 14 18:52:22.718#Z#DEBUG#87cc2b18-6821-11f1-aca3-eeee0a82a9ce.OPERATION#flowable-async-job-executor-thread-3681#
[RestartAppStep] Executing task "startAppTask" of process "27a7c8c6-6822-11f1-a120-eeee0a872bf9"...#
#2026 06 14 18:52:22.720#Z#DEBUG#87cc2b18-6821-11f1-aca3-eeee0a82a9ce.OPERATION#flowable-async-job-executor-thread-3681#
[RestartAppStep] Application start timeout is default one: 3,600 seconds#
#2026 06 14 18:52:22.720#Z#DEBUG#87cc2b18-6821-11f1-aca3-eeee0a82a9ce.OPERATION#flowable-async-job-executor-thread-3681#
[RestartAppStep] Checking status of application "employee-app"...#
#2026 06 14 18:52:22.721#Z#DEBUG#87cc2b18-6821-11f1-aca3-eeee0a82a9ce.OPERATION#flowable-async-job-executor-thread-3681#
[RestartAppStep] Getting instances for application "employee-app"...#
#2026 06 14 18:52:22.766#Z#DEBUG#87cc2b18-6821-11f1-aca3-eeee0a82a9ce.OPERATION#flowable-async-job-executor-thread-3681#
[RestartAppStep] Application "employee-app": 0 of 1 instances running (1 starting)#
#2026 06 14 18:52:22.826#Z#DEBUG#87cc2b18-6821-11f1-aca3-eeee0a82a9ce.OPERATION#flowable-async-job-executor-thread-3681#
Step "Start App" finished#
#2026 06 14 18:52:32.723#Z#DEBUG#87cc2b18-6821-11f1-aca3-eeee0a82a9ce.OPERATION#flowable-async-job-executor-thread-3684#
[RestartAppStep] Executing task "startAppTask" of process "2d97dda5-6822-11f1-a120-eeee0a872bf9"...#
#2026 06 14 18:52:32.724#Z#DEBUG#87cc2b18-6821-11f1-aca3-eeee0a82a9ce.OPERATION#flowable-async-job-executor-thread-3684#
[RestartAppStep] Application start timeout is default one: 3,600 seconds#
#2026 06 14 18:52:32.725#Z#DEBUG#87cc2b18-6821-11f1-aca3-eeee0a82a9ce.OPERATION#flowable-async-job-executor-thread-3684#
[RestartAppStep] Checking status of application "employee-app"...#
#2026 06 14 18:52:32.726#Z#DEBUG#87cc2b18-6821-11f1-aca3-eeee0a82a9ce.OPERATION#flowable-async-job-executor-thread-3684#
[RestartAppStep] Getting instances for application "employee-app"...#
#2026 06 14 18:52:32.794#Z#DEBUG#87cc2b18-6821-11f1-aca3-eeee0a82a9ce.OPERATION#flowable-async-job-executor-thread-3684#
[RestartAppStep] Application "employee-app": 0 of 1 instances running (1 starting)#
#2026 06 14 18:52:32.861#Z#DEBUG#87cc2b18-6821-11f1-aca3-eeee0a82a9ce.OPERATION#flowable-async-job-executor-thread-3684#
Step "Start App" finished#
#2026 06 14 18:52:42.781#Z#DEBUG#87cc2b18-6821-11f1-aca3-eeee0a82a9ce.OPERATION#flowable-async-job-executor-thread-1309#
[RestartAppStep] Executing task "startAppTask" of process "3393b22e-6822-11f1-a120-eeee0a872bf9"...#
#2026 06 14 18:52:42.783#Z#DEBUG#87cc2b18-6821-11f1-aca3-eeee0a82a9ce.OPERATION#flowable-async-job-executor-thread-1309#
[RestartAppStep] Application start timeout is default one: 3,600 seconds#
#2026 06 14 18:52:42.850#Z#DEBUG#87cc2b18-6821-11f1-aca3-eeee0a82a9ce.OPERATION#flowable-async-job-executor-thread-1309#
[RestartAppStep] Checking status of application "employee-app"...#
#2026 06 14 18:52:42.851#Z#DEBUG#87cc2b18-6821-11f1-aca3-eeee0a82a9ce.OPERATION#flowable-async-job-executor-thread-1309#
[RestartAppStep] Getting instances for application "employee-app"...#
#2026 06 14 18:52:42.926#Z#DEBUG#87cc2b18-6821-11f1-aca3-eeee0a82a9ce.OPERATION#flowable-async-job-executor-thread-1309#
[RestartAppStep] Application "employee-app": 0 of 1 instances running (1 starting)#
#2026 06 14 18:52:42.990#Z#DEBUG#87cc2b18-6821-11f1-aca3-eeee0a82a9ce.OPERATION#flowable-async-job-executor-thread-1309#
Step "Start App" finished#
#2026 06 14 18:52:52.801#Z#DEBUG#87cc2b18-6821-11f1-aca3-eeee0a82a9ce.OPERATION#flowable-async-job-executor-thread-1311#
[RestartAppStep] Executing task "startAppTask" of process "399cf3d0-6822-11f1-aca3-eeee0a82a9ce"...#
#2026 06 14 18:52:52.803#Z#DEBUG#87cc2b18-6821-11f1-aca3-eeee0a82a9ce.OPERATION#flowable-async-job-executor-thread-1311#
[RestartAppStep] Application start timeout is default one: 3,600 seconds#
#2026 06 14 18:52:52.804#Z#DEBUG#87cc2b18-6821-11f1-aca3-eeee0a82a9ce.OPERATION#flowable-async-job-executor-thread-1311#
[RestartAppStep] Checking status of application "employee-app"...#
#2026 06 14 18:52:52.806#Z#DEBUG#87cc2b18-6821-11f1-aca3-eeee0a82a9ce.OPERATION#flowable-async-job-executor-thread-1311#
[RestartAppStep] Getting instances for application "employee-app"...#
#2026 06 14 18:52:52.866#Z#DEBUG#87cc2b18-6821-11f1-aca3-eeee0a82a9ce.OPERATION#flowable-async-job-executor-thread-1311#
[RestartAppStep] Application "employee-app": 0 of 1 instances running (1 crashed)#
#2026 06 14 18:52:52.952#Z#ERROR#87cc2b18-6821-11f1-aca3-eeee0a82a9ce.OPERATION#flowable-async-job-executor-thread-1311#
[RestartAppStep] Error starting application "employee-app": Some instances have crashed. Check the application logs of your application for details.#
#2026 06 14 18:52:52.958#Z#INFO#87cc2b18-6821-11f1-aca3-eeee0a82a9ce.OPERATION#flowable-async-job-executor-thread-1311#
[RestartAppStep] Download the MTA operation logs for more details.#
#2026 06 14 18:52:52.965#Z#DEBUG#87cc2b18-6821-11f1-aca3-eeee0a82a9ce.OPERATION#flowable-async-job-executor-thread-1311#
Step "Start App" finished#
